Season,Site,Plot,Sed_size,Weight_g,Total,Prop,Total_replicate,Prop_replicate
Summer,Ft Lauderdale,1,≥500 µm,0.4379,58.8379,0.00744,,
Summer,Ft Lauderdale,1,250-499 µm,0.3486,58.8379,0.00592,,
Summer,Ft Lauderdale,1,125-249 µm,0.9997,58.8379,0.01699,,
Summer,Ft Lauderdale,1,<125 µm,0.2826,58.8379,0.0048,,
Summer,Ft Lauderdale,2,≥500 µm,0.2823,58.8379,0.0048,,
Summer,Ft Lauderdale,2,250-499 µm,0.193,58.8379,0.00328,,
Summer,Ft Lauderdale,2,125-249 µm,0.6824,58.8379,0.0116,,
Summer,Ft Lauderdale,2,<125 µm,0.161,58.8379,0.00274,,
Summer,Ft Lauderdale,4,≥500 µm,0.2794,58.8379,0.00475,,
Summer,Ft Lauderdale,4,250-499 µm,0.1901,58.8379,0.00323,,
Summer,Ft Lauderdale,4,125-249 µm,0.672,58.8379,0.01142,,
Summer,Ft Lauderdale,4,<125 µm,0.2156,58.8379,0.00366,,
Summer,Ft Lauderdale,6,≥500 µm,0.2608,58.8379,0.00443,,
Summer,Ft Lauderdale,6,250-499 µm,0.1715,58.8379,0.00291,,
Summer,Ft Lauderdale,6,125-249 µm,0.5612,58.8379,0.00954,,
Summer,Ft Lauderdale,6,<125 µm,0.1527,58.8379,0.0026,,
Summer,Ft Lauderdale,8,≥500 µm,0.0918,58.8379,0.00156,,
Summer,Ft Lauderdale,8,250-499 µm,0.2078,58.8379,0.00353,,
Summer,Ft Lauderdale,8,125-249 µm,0.7527,58.8379,0.01279,,
Summer,Ft Lauderdale,8,<125 µm,0.2541,58.8379,0.00432,,
Summer,Ft Lauderdale,10,≥500 µm,0.2444,58.8379,0.00415,,
Summer,Ft Lauderdale,10,250-499 µm,0.4384,58.8379,0.00745,,
Summer,Ft Lauderdale,10,125-249 µm,1.0326,58.8379,0.01755,,
Summer,Ft Lauderdale,10,<125 µm,0.2971,58.8379,0.00505,,
Summer,Ft Lauderdale,12,≥500 µm,0.2917,58.8379,0.00496,,
Summer,Ft Lauderdale,12,250-499 µm,0.8418,58.8379,0.01431,,
Summer,Ft Lauderdale,12,125-249 µm,1.9304,58.8379,0.03281,,
Summer,Ft Lauderdale,12,<125 µm,0.4691,58.8379,0.00797,,
Summer,Ft Lauderdale,14,≥500 µm,0.3139,58.8379,0.00533,,
Summer,Ft Lauderdale,14,250-499 µm,0.5693,58.8379,0.00968,,
Summer,Ft Lauderdale,14,125-249 µm,1.8243,58.8379,0.03101,,
Summer,Ft Lauderdale,14,<125 µm,0.6175,58.8379,0.01049,,
Summer,Ft Lauderdale,16,≥500 µm,0.2382,58.8379,0.00405,,
Summer,Ft Lauderdale,16,250-499 µm,0.3919,58.8379,0.00666,,
Summer,Ft Lauderdale,16,125-249 µm,1.6095,58.8379,0.02735,,
Summer,Ft Lauderdale,16,<125 µm,0.7346,58.8379,0.01249,,
Summer,Ft Lauderdale,18,≥500 µm,0.1012,58.8379,0.00172,,
Summer,Ft Lauderdale,18,250-499 µm,0.3134,58.8379,0.00533,,
Summer,Ft Lauderdale,18,125-249 µm,1.2552,58.8379,0.02133,,
Summer,Ft Lauderdale,18,<125 µm,0.6759,58.8379,0.01149,,
Summer,Ft Lauderdale,20,≥500 µm,0.2009,58.8379,0.00341,,
Summer,Ft Lauderdale,20,250-499 µm,0.4584,58.8379,0.00779,,
Summer,Ft Lauderdale,20,125-249 µm,1.651,58.8379,0.02806,,
Summer,Ft Lauderdale,20,<125 µm,0.5657,58.8379,0.00961,,
Summer,Ft Lauderdale,22,≥500 µm,0.0727,58.8379,0.00124,,
Summer,Ft Lauderdale,22,250-499 µm,0.2193,58.8379,0.00373,,
Summer,Ft Lauderdale,22,125-249 µm,1.0277,58.8379,0.01747,,
Summer,Ft Lauderdale,22,<125 µm,0.4257,58.8379,0.00724,,
Summer,Ft Lauderdale,24,≥500 µm,0.263,58.8379,0.00447,,
Summer,Ft Lauderdale,24,250-499 µm,0.5872,58.8379,0.00998,,
Summer,Ft Lauderdale,24,125-249 µm,1.6431,58.8379,0.02793,,
Summer,Ft Lauderdale,24,<125 µm,0.5641,58.8379,0.00959,,
Summer,Dania Beach,2,≥500 µm,1.4193,127.5844,0.01112,,
Summer,Dania Beach,2,250-499 µm,4.7858,127.5844,0.03751,,
Summer,Dania Beach,2,125-249 µm,2.6446,127.5844,0.02073,,
Summer,Dania Beach,2,<125 µm,0.3924,127.5844,0.00308,,
Summer,Dania Beach,4,≥500 µm,1.6825,127.5844,0.01319,,
Summer,Dania Beach,4,250-499 µm,3.4008,127.5844,0.02666,,
Summer,Dania Beach,4,125-249 µm,1.735,127.5844,0.0136,,
Summer,Dania Beach,4,<125 µm,0.2093,127.5844,0.00164,,
Summer,Dania Beach,6,≥500 µm,1.3728,127.5844,0.01076,,
Summer,Dania Beach,6,250-499 µm,4.9092,127.5844,0.03848,,
Summer,Dania Beach,6,125-249 µm,2.8068,127.5844,0.022,,
Summer,Dania Beach,6,<125 µm,0.3389,127.5844,0.00266,,
Summer,Dania Beach,8,≥500 µm,0.3427,127.5844,0.00269,,
Summer,Dania Beach,8,250-499 µm,2.4779,127.5844,0.01942,,
Summer,Dania Beach,8,125-249 µm,2.7242,127.5844,0.02135,,
Summer,Dania Beach,8,<125 µm,0.4648,127.5844,0.00364,,
Summer,Dania Beach,10,≥500 µm,0.1724,127.5844,0.00135,,
Summer,Dania Beach,10,250-499 µm,1.0537,127.5844,0.00826,,
Summer,Dania Beach,10,125-249 µm,0.9884,127.5844,0.00775,,
Summer,Dania Beach,10,<125 µm,0.155,127.5844,0.00121,,
Summer,Dania Beach,12,≥500 µm,0.4955,127.5844,0.00388,,
Summer,Dania Beach,12,250-499 µm,2.8463,127.5844,0.02231,,
Summer,Dania Beach,12,125-249 µm,2.4516,127.5844,0.01922,,
Summer,Dania Beach,12,<125 µm,0.3589,127.5844,0.00281,,
Summer,Dania Beach,13,≥500 µm,0.4899,127.5844,0.00384,,
Summer,Dania Beach,13,250-499 µm,3.5698,127.5844,0.02798,,
Summer,Dania Beach,13,125-249 µm,2.7194,127.5844,0.02131,,
Summer,Dania Beach,13,<125 µm,0.5428,127.5844,0.00425,,
Summer,Dania Beach,14,≥500 µm,0.2919,127.5844,0.00229,,
Summer,Dania Beach,14,250-499 µm,2.0453,127.5844,0.01603,,
Summer,Dania Beach,14,125-249 µm,1.815,127.5844,0.01423,,
Summer,Dania Beach,14,<125 µm,0.2039,127.5844,0.0016,,
Summer,Dania Beach,15,≥500 µm,0.1845,127.5844,0.00145,,
Summer,Dania Beach,15,250-499 µm,2.3448,127.5844,0.01838,,
Summer,Dania Beach,15,125-249 µm,3.2373,127.5844,0.02537,,
Summer,Dania Beach,15,<125 µm,0.5236,127.5844,0.0041,,
Summer,Dania Beach,16,≥500 µm,0.2936,127.5844,0.0023,,
Summer,Dania Beach,16,250-499 µm,2.3656,127.5844,0.01854,,
Summer,Dania Beach,16,125-249 µm,1.7397,127.5844,0.01364,,
Summer,Dania Beach,16,<125 µm,0.1542,127.5844,0.00121,,
Summer,Dania Beach,17,≥500 µm,0.2337,127.5844,0.00183,,
Summer,Dania Beach,17,250-499 µm,1.0149,127.5844,0.00795,,
Summer,Dania Beach,17,125-249 µm,0.8924,127.5844,0.00699,,
Summer,Dania Beach,17,<125 µm,0.0515,127.5844,0.0004,,
Summer,Dania Beach,18,≥500 µm,0.1287,127.5844,0.00101,,
Summer,Dania Beach,18,250-499 µm,1.4774,127.5844,0.01158,,
Summer,Dania Beach,18,125-249 µm,0.9582,127.5844,0.00751,,
Summer,Dania Beach,18,<125 µm,0.1128,127.5844,0.00088,,
Summer,Dania Beach,19,≥500 µm,0.2722,127.5844,0.00213,,
Summer,Dania Beach,19,250-499 µm,1.9903,127.5844,0.0156,,
Summer,Dania Beach,19,125-249 µm,2.0046,127.5844,0.01571,,
Summer,Dania Beach,19,<125 µm,0.1695,127.5844,0.00133,,
Summer,Dania Beach,20,≥500 µm,0.2262,127.5844,0.00177,,
Summer,Dania Beach,20,250-499 µm,2.3463,127.5844,0.01839,,
Summer,Dania Beach,20,125-249 µm,2.2973,127.5844,0.01801,,
Summer,Dania Beach,20,<125 µm,0.2446,127.5844,0.00192,,
Summer,Dania Beach,21,≥500 µm,0.0529,127.5844,0.00041,,
Summer,Dania Beach,21,250-499 µm,0.8104,127.5844,0.00635,,
Summer,Dania Beach,21,125-249 µm,1.5049,127.5844,0.0118,,
Summer,Dania Beach,21,<125 µm,0.1329,127.5844,0.00104,,
Summer,Dania Beach,22,≥500 µm,0.261,127.5844,0.00205,,
Summer,Dania Beach,22,250-499 µm,2.6009,127.5844,0.02039,,
Summer,Dania Beach,22,125-249 µm,2.8829,127.5844,0.0226,,
Summer,Dania Beach,22,<125 µm,0.1955,127.5844,0.00153,,
Summer,Dania Beach,23,≥500 µm,0.2276,127.5844,0.00178,,
Summer,Dania Beach,23,250-499 µm,2.3431,127.5844,0.01837,,
Summer,Dania Beach,23,125-249 µm,1.8264,127.5844,0.01432,,
Summer,Dania Beach,23,<125 µm,0.1623,127.5844,0.00127,,
Summer,Dania Beach,24,≥500 µm,0.1288,127.5844,0.00101,,
Summer,Dania Beach,24,250-499 µm,0.8626,127.5844,0.00676,,
Summer,Dania Beach,24,125-249 µm,0.8514,127.5844,0.00667,,
Summer,Dania Beach,24,<125 µm,0.0671,127.5844,0.00053,,
Summer,Dania Beach,25,≥500 µm,0.2996,127.5844,0.00235,,
Summer,Dania Beach,25,250-499 µm,2.9813,127.5844,0.02337,,
Summer,Dania Beach,25,125-249 µm,1.7795,127.5844,0.01395,,
Summer,Dania Beach,25,<125 µm,0.04,127.5844,0.00031,,
Summer,Emerald Reef,1,≥500 µm,0.3709,124.5952,0.00298,,
Summer,Emerald Reef,1,250-499 µm,1.3907,124.5952,0.01116,,
Summer,Emerald Reef,1,125-249 µm,1.8523,124.5952,0.01487,,
Summer,Emerald Reef,1,<125 µm,0.1725,124.5952,0.00138,,
Summer,Emerald Reef,2,≥500 µm,0.5355,124.5952,0.0043,,
Summer,Emerald Reef,2,250-499 µm,3.046,124.5952,0.02445,,
Summer,Emerald Reef,2,125-249 µm,1.9555,124.5952,0.01569,,
Summer,Emerald Reef,2,<125 µm,0.1947,124.5952,0.00156,,
Summer,Emerald Reef,3,≥500 µm,0.9306,124.5952,0.00747,,
Summer,Emerald Reef,3,250-499 µm,5.6965,124.5952,0.04572,,
Summer,Emerald Reef,3,125-249 µm,3.549,124.5952,0.02848,,
Summer,Emerald Reef,3,<125 µm,0.3293,124.5952,0.00264,,
Summer,Emerald Reef,4,≥500 µm,0.4942,124.5952,0.00397,,
Summer,Emerald Reef,4,250-499 µm,2.8763,124.5952,0.02309,,
Summer,Emerald Reef,4,125-249 µm,3.0276,124.5952,0.0243,,
Summer,Emerald Reef,4,<125 µm,0.3221,124.5952,0.00259,,
Summer,Emerald Reef,5,≥500 µm,0.2967,124.5952,0.00238,,
Summer,Emerald Reef,5,250-499 µm,1.4658,124.5952,0.01176,,
Summer,Emerald Reef,5,125-249 µm,1.3558,124.5952,0.01088,,
Summer,Emerald Reef,5,<125 µm,0.1988,124.5952,0.0016,,
Summer,Emerald Reef,6,≥500 µm,0.21,124.5952,0.00169,,
Summer,Emerald Reef,6,250-499 µm,0.4663,124.5952,0.00374,,
Summer,Emerald Reef,6,125-249 µm,0.8731,124.5952,0.00701,,
Summer,Emerald Reef,6,<125 µm,0.1066,124.5952,0.00086,,
Summer,Emerald Reef,7,≥500 µm,0.5039,124.5952,0.00404,,
Summer,Emerald Reef,7,250-499 µm,4.3724,124.5952,0.03509,,
Summer,Emerald Reef,7,125-249 µm,0.7435,124.5952,0.00597,,
Summer,Emerald Reef,7,<125 µm,0.0892,124.5952,0.00072,,
Summer,Emerald Reef,8,≥500 µm,0.5331,124.5952,0.00428,,
Summer,Emerald Reef,8,250-499 µm,2.7357,124.5952,0.02196,,
Summer,Emerald Reef,8,125-249 µm,2.6759,124.5952,0.02148,,
Summer,Emerald Reef,8,<125 µm,0.3336,124.5952,0.00268,,
Summer,Emerald Reef,9,≥500 µm,0.5267,124.5952,0.00423,,
Summer,Emerald Reef,9,250-499 µm,3.0687,124.5952,0.02463,,
Summer,Emerald Reef,9,125-249 µm,2.1912,124.5952,0.01759,,
Summer,Emerald Reef,9,<125 µm,0.2332,124.5952,0.00187,,
Summer,Emerald Reef,10,≥500 µm,0.7342,124.5952,0.00589,,
Summer,Emerald Reef,10,250-499 µm,2.1808,124.5952,0.0175,,
Summer,Emerald Reef,10,125-249 µm,1.6741,124.5952,0.01344,,
Summer,Emerald Reef,10,<125 µm,0.1845,124.5952,0.00148,,
Summer,Emerald Reef,11,≥500 µm,0.2499,124.5952,0.00201,,
Summer,Emerald Reef,11,250-499 µm,0.7542,124.5952,0.00605,,
Summer,Emerald Reef,11,125-249 µm,0.8159,124.5952,0.00655,,
Summer,Emerald Reef,11,<125 µm,0.103,124.5952,0.00083,,
Summer,Emerald Reef,12,≥500 µm,1.3692,124.5952,0.01099,,
Summer,Emerald Reef,12,250-499 µm,3.6125,124.5952,0.02899,,
Summer,Emerald Reef,12,125-249 µm,1.4599,124.5952,0.01172,,
Summer,Emerald Reef,12,<125 µm,0.1717,124.5952,0.00138,,
Summer,Emerald Reef,13,≥500 µm,0.7837,124.5952,0.00629,,
Summer,Emerald Reef,13,250-499 µm,2.2091,124.5952,0.01773,,
Summer,Emerald Reef,13,125-249 µm,1.4787,124.5952,0.01187,,
Summer,Emerald Reef,13,<125 µm,0.1657,124.5952,0.00133,,
Summer,Emerald Reef,14,≥500 µm,0.395,124.5952,0.00317,,
Summer,Emerald Reef,14,250-499 µm,1.2489,124.5952,0.01002,,
Summer,Emerald Reef,14,125-249 µm,0.709,124.5952,0.00569,,
Summer,Emerald Reef,14,<125 µm,0.0855,124.5952,0.00069,,
Summer,Emerald Reef,15,≥500 µm,0.8865,124.5952,0.00712,,
Summer,Emerald Reef,15,250-499 µm,4.3652,124.5952,0.03504,,
Summer,Emerald Reef,15,125-249 µm,2.9595,124.5952,0.02375,,
Summer,Emerald Reef,15,<125 µm,0.3429,124.5952,0.00275,,
Summer,Emerald Reef,16,≥500 µm,0.4442,124.5952,0.00357,,
Summer,Emerald Reef,16,250-499 µm,2.5182,124.5952,0.02021,,
Summer,Emerald Reef,16,125-249 µm,2.2556,124.5952,0.0181,,
Summer,Emerald Reef,16,<125 µm,0.317,124.5952,0.00254,,
Summer,Emerald Reef,17,≥500 µm,0.9883,124.5952,0.00793,,
Summer,Emerald Reef,17,250-499 µm,3.1406,124.5952,0.02521,,
Summer,Emerald Reef,17,125-249 µm,1.7519,124.5952,0.01406,,
Summer,Emerald Reef,17,<125 µm,0.1884,124.5952,0.00151,,
Summer,Emerald Reef,18,≥500 µm,0.5552,124.5952,0.00446,,
Summer,Emerald Reef,18,250-499 µm,1.9392,124.5952,0.01556,,
Summer,Emerald Reef,18,125-249 µm,1.3883,124.5952,0.01114,,
Summer,Emerald Reef,18,<125 µm,0.1595,124.5952,0.00128,,
Summer,Emerald Reef,19,≥500 µm,0.5726,124.5952,0.0046,,
Summer,Emerald Reef,19,250-499 µm,1.3828,124.5952,0.0111,,
Summer,Emerald Reef,19,125-249 µm,0.9037,124.5952,0.00725,,
Summer,Emerald Reef,19,<125 µm,0.114,124.5952,0.00091,,
Summer,Emerald Reef,20,≥500 µm,0.5511,124.5952,0.00442,,
Summer,Emerald Reef,20,250-499 µm,2.8168,124.5952,0.02261,,
Summer,Emerald Reef,20,125-249 µm,2.4667,124.5952,0.0198,,
Summer,Emerald Reef,20,<125 µm,0.3207,124.5952,0.00257,,
Summer,Emerald Reef,21,≥500 µm,0.4008,124.5952,0.00322,,
Summer,Emerald Reef,21,250-499 µm,2.2983,124.5952,0.01845,,
Summer,Emerald Reef,21,125-249 µm,2.5306,124.5952,0.02031,,
Summer,Emerald Reef,21,<125 µm,0.3885,124.5952,0.00312,,
Summer,Emerald Reef,22,≥500 µm,0.2885,124.5952,0.00232,,
Summer,Emerald Reef,22,250-499 µm,1.3556,124.5952,0.01088,,
Summer,Emerald Reef,22,125-249 µm,1.2001,124.5952,0.00963,,
Summer,Emerald Reef,22,<125 µm,0.1682,124.5952,0.00135,,
Summer,Carysfort Reef,18,≥500 µm,0.3585,50.8032,0.00706,,
Summer,Carysfort Reef,18,250-499 µm,0.5687,50.8032,0.01119,,
Summer,Carysfort Reef,18,125-249 µm,0.4881,50.8032,0.00961,,
Summer,Carysfort Reef,18,<125 µm,0.2302,50.8032,0.00453,,
Summer,Carysfort Reef,19,≥500 µm,0.3107,50.8032,0.00612,,
Summer,Carysfort Reef,19,250-499 µm,0.2343,50.8032,0.00461,,
Summer,Carysfort Reef,19,125-249 µm,0.1905,50.8032,0.00375,,
Summer,Carysfort Reef,19,<125 µm,0.0896,50.8032,0.00176,,
Summer,Carysfort Reef,20,≥500 µm,0.808,50.8032,0.0159,,
Summer,Carysfort Reef,20,250-499 µm,1.0614,50.8032,0.02089,,
Summer,Carysfort Reef,20,125-249 µm,0.7194,50.8032,0.01416,,
Summer,Carysfort Reef,20,<125 µm,0.3645,50.8032,0.00717,,
Summer,Carysfort Reef,21,≥500 µm,0.3983,50.8032,0.00784,,
Summer,Carysfort Reef,21,250-499 µm,0.3743,50.8032,0.00737,,
Summer,Carysfort Reef,21,125-249 µm,0.2623,50.8032,0.00516,,
Summer,Carysfort Reef,21,<125 µm,0.1094,50.8032,0.00215,,
Summer,Carysfort Reef,22,≥500 µm,0.6797,50.8032,0.01338,,
Summer,Carysfort Reef,22,250-499 µm,0.8616,50.8032,0.01696,,
Summer,Carysfort Reef,22,125-249 µm,0.5917,50.8032,0.01165,,
Summer,Carysfort Reef,22,<125 µm,0.2267,50.8032,0.00446,,
Summer,Carysfort Reef,23,≥500 µm,0.4134,50.8032,0.00814,,
Summer,Carysfort Reef,23,250-499 µm,0.3985,50.8032,0.00784,,
Summer,Carysfort Reef,23,125-249 µm,0.252,50.8032,0.00496,,
Summer,Carysfort Reef,23,<125 µm,0.082,50.8032,0.00161,,
Summer,Carysfort Reef,25,≥500 µm,0.5848,50.8032,0.01151,,
Summer,Carysfort Reef,25,250-499 µm,0.877,50.8032,0.01726,,
Summer,Carysfort Reef,25,125-249 µm,0.6986,50.8032,0.01375,,
Summer,Carysfort Reef,25,<125 µm,0.3693,50.8032,0.00727,,
Summer,Conch Reef,1,≥500 µm,0.7104,86.5184,0.00821,,
Summer,Conch Reef,1,250-499 µm,1.0571,86.5184,0.01222,,
Summer,Conch Reef,1,125-249 µm,0.6812,86.5184,0.00787,,
Summer,Conch Reef,1,<125 µm,0.1489,86.5184,0.00172,,
Summer,Conch Reef,2,≥500 µm,0.4374,86.5184,0.00506,,
Summer,Conch Reef,2,250-499 µm,0.6517,86.5184,0.00753,,
Summer,Conch Reef,2,125-249 µm,0.5528,86.5184,0.00639,,
Summer,Conch Reef,2,<125 µm,0.174,86.5184,0.00201,,
Summer,Conch Reef,3,≥500 µm,0.1342,86.5184,0.00155,,
Summer,Conch Reef,3,250-499 µm,0.3251,86.5184,0.00376,,
Summer,Conch Reef,3,125-249 µm,0.2269,86.5184,0.00262,,
Summer,Conch Reef,3,<125 µm,0.0777,86.5184,0.0009,,
Summer,Conch Reef,4,≥500 µm,2.8273,86.5184,0.03268,,
Summer,Conch Reef,4,250-499 µm,4.6305,86.5184,0.05352,,
Summer,Conch Reef,4,125-249 µm,2.536,86.5184,0.02931,,
Summer,Conch Reef,4,<125 µm,0.6028,86.5184,0.00697,,
Summer,Conch Reef,5,≥500 µm,1.4912,86.5184,0.01724,,
Summer,Conch Reef,5,250-499 µm,3.4572,86.5184,0.03996,,
Summer,Conch Reef,5,125-249 µm,1.675,86.5184,0.01936,,
Summer,Conch Reef,5,<125 µm,0.3019,86.5184,0.00349,,
Summer,Conch Reef,6,≥500 µm,1.2984,86.5184,0.01501,,
Summer,Conch Reef,6,250-499 µm,2.3994,86.5184,0.02773,,
Summer,Conch Reef,6,125-249 µm,1.6752,86.5184,0.01936,,
Summer,Conch Reef,6,<125 µm,0.4864,86.5184,0.00562,,
Summer,Conch Reef,7,≥500 µm,0.7252,86.5184,0.00838,,
Summer,Conch Reef,7,250-499 µm,1.2709,86.5184,0.01469,,
Summer,Conch Reef,7,125-249 µm,0.9849,86.5184,0.01138,,
Summer,Conch Reef,7,<125 µm,0.2432,86.5184,0.00281,,
Summer,Conch Reef,8,≥500 µm,0.9972,86.5184,0.01153,,
Summer,Conch Reef,8,250-499 µm,1.8636,86.5184,0.02154,,
Summer,Conch Reef,8,125-249 µm,1.0347,86.5184,0.01196,,
Summer,Conch Reef,8,<125 µm,0.1969,86.5184,0.00228,,
Summer,Conch Reef,9,≥500 µm,1.2268,86.5184,0.01418,,
Summer,Conch Reef,9,250-499 µm,1.7467,86.5184,0.02019,,
Summer,Conch Reef,9,125-249 µm,1.0504,86.5184,0.01214,,
Summer,Conch Reef,9,<125 µm,0.463,86.5184,0.00535,,
Summer,Conch Reef,10,≥500 µm,0.8711,86.5184,0.01007,,
Summer,Conch Reef,10,250-499 µm,1.454,86.5184,0.01681,,
Summer,Conch Reef,10,125-249 µm,0.9347,86.5184,0.0108,,
Summer,Conch Reef,10,<125 µm,0.2554,86.5184,0.00295,,
Summer,Conch Reef,11,≥500 µm,0.2982,86.5184,0.00345,,
Summer,Conch Reef,11,250-499 µm,0.4352,86.5184,0.00503,,
Summer,Conch Reef,11,125-249 µm,0.2869,86.5184,0.00332,,
Summer,Conch Reef,11,<125 µm,0.0499,86.5184,0.00058,,
Summer,Conch Reef,12,≥500 µm,1.1251,86.5184,0.013,,
Summer,Conch Reef,12,250-499 µm,1.4863,86.5184,0.01718,,
Summer,Conch Reef,12,125-249 µm,0.8527,86.5184,0.00986,,
Summer,Conch Reef,12,<125 µm,0.1502,86.5184,0.00174,,
Summer,Conch Reef,13,≥500 µm,0.4756,86.5184,0.0055,,
Summer,Conch Reef,13,250-499 µm,0.6948,86.5184,0.00803,,
Summer,Conch Reef,13,125-249 µm,0.6152,86.5184,0.00711,,
Summer,Conch Reef,13,<125 µm,0.1321,86.5184,0.00153,,
Summer,Conch Reef,14,≥500 µm,0.4476,86.5184,0.00517,,
Summer,Conch Reef,14,250-499 µm,0.6598,86.5184,0.00763,,
Summer,Conch Reef,14,125-249 µm,0.5087,86.5184,0.00588,,
Summer,Conch Reef,14,<125 µm,0.0809,86.5184,0.00094,,
Summer,Conch Reef,15,≥500 µm,0.3818,86.5184,0.00441,,
Summer,Conch Reef,15,250-499 µm,0.3801,86.5184,0.00439,,
Summer,Conch Reef,15,125-249 µm,0.2269,86.5184,0.00262,,
Summer,Conch Reef,15,<125 µm,0.0333,86.5184,0.00038,,
Summer,Conch Reef,16,≥500 µm,0.187,86.5184,0.00216,,
Summer,Conch Reef,16,250-499 µm,0.2789,86.5184,0.00322,,
Summer,Conch Reef,16,125-249 µm,0.1444,86.5184,0.00167,,
Summer,Conch Reef,16,<125 µm,0.0275,86.5184,0.00032,,
Summer,Conch Reef,17,≥500 µm,0.2598,86.5184,0.003,,
Summer,Conch Reef,17,250-499 µm,0.3024,86.5184,0.0035,,
Summer,Conch Reef,17,125-249 µm,0.2227,86.5184,0.00257,,
Summer,Conch Reef,17,<125 µm,0.0539,86.5184,0.00062,,
Summer,Conch Reef,18,≥500 µm,1.4518,86.5184,0.01678,,
Summer,Conch Reef,18,250-499 µm,1.6834,86.5184,0.01946,,
Summer,Conch Reef,18,125-249 µm,1.117,86.5184,0.01291,,
Summer,Conch Reef,18,<125 µm,0.2317,86.5184,0.00268,,
Summer,Conch Reef,19,≥500 µm,0.4768,86.5184,0.00551,,
Summer,Conch Reef,19,250-499 µm,0.7544,86.5184,0.00872,,
Summer,Conch Reef,19,125-249 µm,0.6917,86.5184,0.00799,,
Summer,Conch Reef,19,<125 µm,0.1585,86.5184,0.00183,,
Summer,Conch Reef,20,≥500 µm,0.2507,86.5184,0.0029,,
Summer,Conch Reef,20,250-499 µm,0.2455,86.5184,0.00284,,
Summer,Conch Reef,20,125-249 µm,0.1569,86.5184,0.00181,,
Summer,Conch Reef,20,<125 µm,0.0237,86.5184,0.00027,,
Summer,Conch Reef,21,≥500 µm,0.8894,86.5184,0.01028,,
Summer,Conch Reef,21,250-499 µm,1.8514,86.5184,0.0214,,
Summer,Conch Reef,21,125-249 µm,1.1301,86.5184,0.01306,,
Summer,Conch Reef,21,<125 µm,0.2125,86.5184,0.00246,,
Summer,Conch Reef,22,≥500 µm,0.6204,86.5184,0.00717,,
Summer,Conch Reef,22,250-499 µm,1.2257,86.5184,0.01417,,
Summer,Conch Reef,22,125-249 µm,0.9135,86.5184,0.01056,,
Summer,Conch Reef,22,<125 µm,0.1812,86.5184,0.00209,,
Summer,Conch Reef,23,≥500 µm,1.0983,86.5184,0.01269,,
Summer,Conch Reef,23,250-499 µm,2.1748,86.5184,0.02514,,
Summer,Conch Reef,23,125-249 µm,1.4416,86.5184,0.01666,,
Summer,Conch Reef,23,<125 µm,0.3904,86.5184,0.00451,,
Summer,Conch Reef,24,≥500 µm,3.5014,86.5184,0.04047,,
Summer,Conch Reef,24,250-499 µm,3.9086,86.5184,0.04518,,
Summer,Conch Reef,24,125-249 µm,1.8834,86.5184,0.02177,,
Summer,Conch Reef,24,<125 µm,0.6414,86.5184,0.00741,,
Summer,Conch Reef,25,≥500 µm,0.7916,86.5184,0.00915,,
Summer,Conch Reef,25,250-499 µm,0.9361,86.5184,0.01082,,
Summer,Conch Reef,25,125-249 µm,0.6698,86.5184,0.00774,,
Summer,Conch Reef,25,<125 µm,0.1394,86.5184,0.00161,,
Summer,Carysfort Reef,24,≥500 µm,0.2733,50.8032,0.00538,,
Summer,Carysfort Reef,24,250-499 µm,0.3475,50.8032,0.00684,,
Summer,Carysfort Reef,24,125-249 µm,0.1642,50.8032,0.00323,,
Summer,Carysfort Reef,24,<125 µm,0.049,50.8032,0.00096,,
Summer,Ft Lauderdale,3,≥500 µm,0.2116,58.8379,0.0036,,
Summer,Ft Lauderdale,3,250-499 µm,0.1223,58.8379,0.00208,,
Summer,Ft Lauderdale,3,125-249 µm,0.3265,58.8379,0.00555,,
Summer,Ft Lauderdale,3,<125 µm,0.0889,58.8379,0.00151,,
Summer,Ft Lauderdale,5,≥500 µm,0.2546,58.8379,0.00433,,
Summer,Ft Lauderdale,5,250-499 µm,0.1653,58.8379,0.00281,,
Summer,Ft Lauderdale,5,125-249 µm,0.6189,58.8379,0.01052,,
Summer,Ft Lauderdale,5,<125 µm,0.2703,58.8379,0.00459,,
Summer,Ft Lauderdale,7,≥500 µm,0.3359,58.8379,0.00571,,
Summer,Ft Lauderdale,7,250-499 µm,0.2466,58.8379,0.00419,,
Summer,Ft Lauderdale,7,125-249 µm,0.9619,58.8379,0.01635,,
Summer,Ft Lauderdale,7,<125 µm,0.3329,58.8379,0.00566,,
Summer,Ft Lauderdale,9,≥500 µm,0.0908,58.8379,0.00154,,
Summer,Ft Lauderdale,9,250-499 µm,0.1678,58.8379,0.00285,,
Summer,Ft Lauderdale,9,125-249 µm,0.4303,58.8379,0.00731,,
Summer,Ft Lauderdale,9,<125 µm,0.4379,58.8379,0.00744,,
Summer,Ft Lauderdale,11,≥500 µm,0.4362,58.8379,0.00741,,
Summer,Ft Lauderdale,11,250-499 µm,0.7324,58.8379,0.01245,,
Summer,Ft Lauderdale,11,125-249 µm,2.0676,58.8379,0.03514,,
Summer,Ft Lauderdale,11,<125 µm,0.8591,58.8379,0.0146,,
Summer,Ft Lauderdale,13,≥500 µm,0.2102,58.8379,0.00357,,
Summer,Ft Lauderdale,13,250-499 µm,0.8252,58.8379,0.01402,,
Summer,Ft Lauderdale,13,125-249 µm,3.1131,58.8379,0.05291,,
Summer,Ft Lauderdale,13,<125 µm,1.3142,58.8379,0.02234,,
Summer,Ft Lauderdale,15,≥500 µm,0.4783,58.8379,0.00813,,
Summer,Ft Lauderdale,15,250-499 µm,0.8345,58.8379,0.01418,,
Summer,Ft Lauderdale,15,125-249 µm,2.6656,58.8379,0.0453,,
Summer,Ft Lauderdale,15,<125 µm,0.9219,58.8379,0.01567,,
Summer,Ft Lauderdale,17,≥500 µm,0.2072,58.8379,0.00352,,
Summer,Ft Lauderdale,17,250-499 µm,0.3728,58.8379,0.00634,,
Summer,Ft Lauderdale,17,125-249 µm,1.2815,58.8379,0.02178,,
Summer,Ft Lauderdale,17,<125 µm,0.4472,58.8379,0.0076,,
Summer,Ft Lauderdale,19,≥500 µm,0.1295,58.8379,0.0022,,
Summer,Ft Lauderdale,19,250-499 µm,0.3048,58.8379,0.00518,,
Summer,Ft Lauderdale,19,125-249 µm,1.1247,58.8379,0.01912,,
Summer,Ft Lauderdale,19,<125 µm,0.485,58.8379,0.00824,,
Summer,Ft Lauderdale,21,≥500 µm,0.1271,58.8379,0.00216,,
Summer,Ft Lauderdale,21,250-499 µm,0.2439,58.8379,0.00415,,
Summer,Ft Lauderdale,21,125-249 µm,0.9068,58.8379,0.01541,,
Summer,Ft Lauderdale,21,<125 µm,0.3866,58.8379,0.00657,,
Summer,Ft Lauderdale,23,≥500 µm,0.0874,58.8379,0.00149,,
Summer,Ft Lauderdale,23,250-499 µm,0.184,58.8379,0.00313,,
Summer,Ft Lauderdale,23,125-249 µm,0.9384,58.8379,0.01595,,
Summer,Ft Lauderdale,23,<125 µm,0.4122,58.8379,0.00701,,
Summer,Ft Lauderdale,25,≥500 µm,0.1088,58.8379,0.00185,,
Summer,Ft Lauderdale,25,250-499 µm,0.3294,58.8379,0.0056,,
Summer,Ft Lauderdale,25,125-249 µm,1.4867,58.8379,0.02527,,
Summer,Ft Lauderdale,25,<125 µm,0.6867,58.8379,0.01167,,
Summer,Dania Beach,1,≥500 µm,0.7903,127.5844,0.00619,,
Summer,Dania Beach,1,250-499 µm,3.3803,127.5844,0.02649,,
Summer,Dania Beach,1,125-249 µm,1.6462,127.5844,0.0129,,
Summer,Dania Beach,1,<125 µm,0.1912,127.5844,0.0015,,
Summer,Dania Beach,3,≥500 µm,0.2734,127.5844,0.00214,,
Summer,Dania Beach,3,250-499 µm,1.2518,127.5844,0.00981,,
Summer,Dania Beach,3,125-249 µm,1.0831,127.5844,0.00849,,
Summer,Dania Beach,3,<125 µm,0.1598,127.5844,0.00125,,
Summer,Dania Beach,5,≥500 µm,0.4505,127.5844,0.00353,,
Summer,Dania Beach,5,250-499 µm,2.2177,127.5844,0.01738,,
Summer,Dania Beach,5,125-249 µm,1.7783,127.5844,0.01394,,
Summer,Dania Beach,5,<125 µm,0.2645,127.5844,0.00207,,
Summer,Dania Beach,7,≥500 µm,0.6667,127.5844,0.00523,,
Summer,Dania Beach,7,250-499 µm,2.5766,127.5844,0.0202,,
Summer,Dania Beach,7,125-249 µm,2.0818,127.5844,0.01632,,
Summer,Dania Beach,7,<125 µm,0.2459,127.5844,0.00193,,
Summer,Dania Beach,9,≥500 µm,0.1311,127.5844,0.00103,,
Summer,Dania Beach,9,250-499 µm,0.8511,127.5844,0.00667,,
Summer,Dania Beach,9,125-249 µm,0.9708,127.5844,0.00761,,
Summer,Dania Beach,9,<125 µm,0.1292,127.5844,0.00101,,
Summer,Dania Beach,11,≥500 µm,0.9747,127.5844,0.00764,,
Summer,Dania Beach,11,250-499 µm,4.4558,127.5844,0.03492,,
Summer,Dania Beach,11,125-249 µm,3.442,127.5844,0.02698,,
Summer,Dania Beach,11,<125 µm,0.3898,127.5844,0.00306,,
Summer,South Canyon,1,≥500 µm,0.3962,107.0744,0.0037,,
Summer,South Canyon,1,250-499 µm,1.9903,107.0744,0.01859,,
Summer,South Canyon,1,125-249 µm,0.9073,107.0744,0.00847,,
Summer,South Canyon,1,<125 µm,0.4002,107.0744,0.00374,,
Summer,South Canyon,2,≥500 µm,0.3314,107.0744,0.0031,,
Summer,South Canyon,2,250-499 µm,2.8559,107.0744,0.02667,,
Summer,South Canyon,2,125-249 µm,1.862,107.0744,0.01739,,
Summer,South Canyon,2,<125 µm,0.8048,107.0744,0.00752,,
Summer,South Canyon,3,≥500 µm,0.2043,107.0744,0.00191,,
Summer,South Canyon,3,250-499 µm,1.0209,107.0744,0.00953,,
Summer,South Canyon,3,125-249 µm,0.4561,107.0744,0.00426,,
Summer,South Canyon,3,<125 µm,0.1881,107.0744,0.00176,,
Summer,South Canyon,4,≥500 µm,0.5739,107.0744,0.00536,,
Summer,South Canyon,4,250-499 µm,2.9711,107.0744,0.02775,,
Summer,South Canyon,4,125-249 µm,1.593,107.0744,0.01488,,
Summer,South Canyon,4,<125 µm,0.7075,107.0744,0.00661,,
Summer,South Canyon,5,≥500 µm,0.5605,107.0744,0.00523,,
Summer,South Canyon,5,250-499 µm,2.3716,107.0744,0.02215,,
Summer,South Canyon,5,125-249 µm,0.6721,107.0744,0.00628,,
Summer,South Canyon,5,<125 µm,0.2929,107.0744,0.00274,,
Summer,South Canyon,6,≥500 µm,0.4407,107.0744,0.00412,,
Summer,South Canyon,6,250-499 µm,1.4954,107.0744,0.01397,,
Summer,South Canyon,6,125-249 µm,0.4773,107.0744,0.00446,,
Summer,South Canyon,6,<125 µm,0.1449,107.0744,0.00135,,
Summer,South Canyon,7,≥500 µm,1.8454,107.0744,0.01723,,
Summer,South Canyon,7,250-499 µm,4.8586,107.0744,0.04538,,
Summer,South Canyon,7,125-249 µm,1.2482,107.0744,0.01166,,
Summer,South Canyon,7,<125 µm,0.4871,107.0744,0.00455,,
Summer,South Canyon,8,≥500 µm,0.7461,107.0744,0.00697,,
Summer,South Canyon,8,250-499 µm,4.7138,107.0744,0.04402,,
Summer,South Canyon,8,125-249 µm,2.0235,107.0744,0.0189,,
Summer,South Canyon,8,<125 µm,0.572,107.0744,0.00534,,
Summer,South Canyon,9,≥500 µm,0.2101,107.0744,0.00196,,
Summer,South Canyon,9,250-499 µm,0.9368,107.0744,0.00875,,
Summer,South Canyon,9,125-249 µm,0.303,107.0744,0.00283,,
Summer,South Canyon,9,<125 µm,0.1203,107.0744,0.00112,,
Summer,South Canyon,10,≥500 µm,0.1089,107.0744,0.00102,,
Summer,South Canyon,10,250-499 µm,0.7433,107.0744,0.00694,,
Summer,South Canyon,10,125-249 µm,0.4488,107.0744,0.00419,,
Summer,South Canyon,10,<125 µm,0.2398,107.0744,0.00224,,
Summer,South Canyon,11,≥500 µm,0.4291,107.0744,0.00401,,
Summer,South Canyon,11,250-499 µm,1.9639,107.0744,0.01834,,
Summer,South Canyon,11,125-249 µm,0.9636,107.0744,0.009,,
Summer,South Canyon,11,<125 µm,0.4042,107.0744,0.00377,,
Summer,South Canyon,12,≥500 µm,0.6287,107.0744,0.00587,,
Summer,South Canyon,12,250-499 µm,2.6164,107.0744,0.02444,,
Summer,South Canyon,12,125-249 µm,0.3358,107.0744,0.00314,,
Summer,South Canyon,12,<125 µm,1.0432,107.0744,0.00974,,
Summer,South Canyon,13,≥500 µm,0.5467,107.0744,0.00511,,
Summer,South Canyon,13,250-499 µm,1.522,107.0744,0.01421,,
Summer,South Canyon,13,125-249 µm,0.4541,107.0744,0.00424,,
Summer,South Canyon,13,<125 µm,0.1675,107.0744,0.00156,,
Summer,South Canyon,14,≥500 µm,1.1883,107.0744,0.0111,,
Summer,South Canyon,14,250-499 µm,3.6698,107.0744,0.03427,,
Summer,South Canyon,14,125-249 µm,0.7818,107.0744,0.0073,,
Summer,South Canyon,14,<125 µm,0.2667,107.0744,0.00249,,
Summer,South Canyon,15,≥500 µm,0.5293,107.0744,0.00494,,
Summer,South Canyon,15,250-499 µm,3.0298,107.0744,0.0283,,
Summer,South Canyon,15,125-249 µm,1.3896,107.0744,0.01298,,
Summer,South Canyon,15,<125 µm,0.5024,107.0744,0.00469,,
Summer,South Canyon,16,≥500 µm,0.4907,107.0744,0.00458,,
Summer,South Canyon,16,250-499 µm,1.7214,107.0744,0.01608,,
Summer,South Canyon,16,125-249 µm,0.7217,107.0744,0.00674,,
Summer,South Canyon,16,<125 µm,0.2021,107.0744,0.00189,,
Summer,South Canyon,17,≥500 µm,0.1509,107.0744,0.00141,,
Summer,South Canyon,17,250-499 µm,1.0527,107.0744,0.00983,,
Summer,South Canyon,17,125-249 µm,0.6359,107.0744,0.00594,,
Summer,South Canyon,17,<125 µm,0.1342,107.0744,0.00125,,
Summer,South Canyon,18,≥500 µm,0.8493,107.0744,0.00793,,
Summer,South Canyon,18,250-499 µm,2.6694,107.0744,0.02493,,
Summer,South Canyon,18,125-249 µm,1.5898,107.0744,0.01485,,
Summer,South Canyon,18,<125 µm,0.4304,107.0744,0.00402,,
Summer,South Canyon,19,≥500 µm,0.3177,107.0744,0.00297,,
Summer,South Canyon,19,250-499 µm,3.0802,107.0744,0.02877,,
Summer,South Canyon,19,125-249 µm,1.4686,107.0744,0.01372,,
Summer,South Canyon,19,<125 µm,0.2866,107.0744,0.00268,,
Summer,South Canyon,20,≥500 µm,0.5809,107.0744,0.00543,,
Summer,South Canyon,20,250-499 µm,3.0098,107.0744,0.02811,,
Summer,South Canyon,20,125-249 µm,1.0649,107.0744,0.00995,,
Summer,South Canyon,20,<125 µm,0.2608,107.0744,0.00244,,
Summer,South Canyon,21,≥500 µm,0.3633,107.0744,0.00339,,
Summer,South Canyon,21,250-499 µm,2.0484,107.0744,0.01913,,
Summer,South Canyon,21,125-249 µm,0.6102,107.0744,0.0057,,
Summer,South Canyon,21,<125 µm,0.0892,107.0744,0.00083,,
Summer,South Canyon,22,≥500 µm,1.1555,107.0744,0.01079,,
Summer,South Canyon,22,250-499 µm,5.5148,107.0744,0.0515,,
Summer,South Canyon,22,125-249 µm,1.5377,107.0744,0.01436,,
Summer,South Canyon,22,<125 µm,0.2758,107.0744,0.00258,,
Summer,South Canyon,23,≥500 µm,0.3266,107.0744,0.00305,,
Summer,South Canyon,23,250-499 µm,1.3651,107.0744,0.01275,,
Summer,South Canyon,23,125-249 µm,0.7464,107.0744,0.00697,,
Summer,South Canyon,23,<125 µm,0.1569,107.0744,0.00147,,
Summer,South Canyon,24,≥500 µm,0.5784,107.0744,0.0054,,
Summer,South Canyon,24,250-499 µm,2.3338,107.0744,0.0218,,
Summer,South Canyon,24,125-249 µm,0.9648,107.0744,0.00901,,
Summer,South Canyon,24,<125 µm,0.2491,107.0744,0.00233,,
Summer,South Canyon,25,≥500 µm,0.3305,107.0744,0.00309,,
Summer,South Canyon,25,250-499 µm,1.0826,107.0744,0.01011,,
Summer,South Canyon,25,125-249 µm,0.6453,107.0744,0.00603,,
Summer,South Canyon,25,<125 µm,0.225,107.0744,0.0021,,
Summer,Emerald Reef,23,≥500 µm,0.221,124.5952,0.00177,,
Summer,Emerald Reef,23,250-499 µm,0.8906,124.5952,0.00715,,
Summer,Emerald Reef,23,125-249 µm,1.0552,124.5952,0.00847,,
Summer,Emerald Reef,23,<125 µm,0.1855,124.5952,0.00149,,
Summer,Emerald Reef,24,≥500 µm,0.3327,124.5952,0.00267,,
Summer,Emerald Reef,24,250-499 µm,2.153,124.5952,0.01728,,
Summer,Emerald Reef,24,125-249 µm,2.4919,124.5952,0.02,,
Summer,Emerald Reef,24,<125 µm,0.4545,124.5952,0.00365,,
Summer,Emerald Reef,25,≥500 µm,0.5236,124.5952,0.0042,,
Summer,Emerald Reef,25,250-499 µm,2.1762,124.5952,0.01747,,
Summer,Emerald Reef,25,125-249 µm,1.7141,124.5952,0.01376,,
Summer,Emerald Reef,25,<125 µm,0.328,124.5952,0.00263,,
Summer,Carysfort Reef,1,≥500 µm,0.0397,50.8032,0.00078,,
Summer,Carysfort Reef,1,250-499 µm,0.1119,50.8032,0.0022,,
Summer,Carysfort Reef,1,125-249 µm,0.131,50.8032,0.00258,,
Summer,Carysfort Reef,1,<125 µm,0.1009,50.8032,0.00199,,
Summer,Carysfort Reef,2,≥500 µm,0.481,50.8032,0.00947,,
Summer,Carysfort Reef,2,250-499 µm,0.8197,50.8032,0.01613,,
Summer,Carysfort Reef,2,125-249 µm,0.7342,50.8032,0.01445,,
Summer,Carysfort Reef,2,<125 µm,0.4925,50.8032,0.00969,,
Summer,Carysfort Reef,3,≥500 µm,0.1649,50.8032,0.00325,,
Summer,Carysfort Reef,3,250-499 µm,0.2343,50.8032,0.00461,,
Summer,Carysfort Reef,3,125-249 µm,0.1663,50.8032,0.00327,,
Summer,Carysfort Reef,3,<125 µm,0.1081,50.8032,0.00213,,
Summer,Carysfort Reef,4,≥500 µm,0.0658,50.8032,0.0013,,
Summer,Carysfort Reef,4,250-499 µm,0.1538,50.8032,0.00303,,
Summer,Carysfort Reef,4,125-249 µm,0.1375,50.8032,0.00271,,
Summer,Carysfort Reef,4,<125 µm,0.1544,50.8032,0.00304,,
Summer,Carysfort Reef,5,≥500 µm,0.8005,50.8032,0.01576,,
Summer,Carysfort Reef,5,250-499 µm,1.2344,50.8032,0.0243,,
Summer,Carysfort Reef,5,125-249 µm,1.0142,50.8032,0.01996,,
Summer,Carysfort Reef,5,<125 µm,0.5621,50.8032,0.01106,,
Summer,Carysfort Reef,6,≥500 µm,0.7064,50.8032,0.0139,,
Summer,Carysfort Reef,6,250-499 µm,1.1433,50.8032,0.0225,,
Summer,Carysfort Reef,6,125-249 µm,0.5971,50.8032,0.01175,,
Summer,Carysfort Reef,6,<125 µm,0.2893,50.8032,0.00569,,
Summer,Carysfort Reef,7,≥500 µm,0.0732,50.8032,0.00144,,
Summer,Carysfort Reef,7,250-499 µm,0.1098,50.8032,0.00216,,
Summer,Carysfort Reef,7,125-249 µm,0.1362,50.8032,0.00268,,
Summer,Carysfort Reef,7,<125 µm,0.1324,50.8032,0.00261,,
Summer,Carysfort Reef,8,≥500 µm,1.2149,50.8032,0.02391,,
Summer,Carysfort Reef,8,250-499 µm,1.7558,50.8032,0.03456,,
Summer,Carysfort Reef,8,125-249 µm,1.1473,50.8032,0.02258,,
Summer,Carysfort Reef,8,<125 µm,0.8153,50.8032,0.01605,,
Summer,Carysfort Reef,9,≥500 µm,0.3627,50.8032,0.00714,,
Summer,Carysfort Reef,9,250-499 µm,0.541,50.8032,0.01065,,
Summer,Carysfort Reef,9,125-249 µm,0.3552,50.8032,0.00699,,
Summer,Carysfort Reef,9,<125 µm,0.2081,50.8032,0.0041,,
Summer,Carysfort Reef,10,≥500 µm,0.9987,50.8032,0.01966,,
Summer,Carysfort Reef,10,250-499 µm,1.3536,50.8032,0.02664,,
Summer,Carysfort Reef,10,125-249 µm,0.9427,50.8032,0.01856,,
Summer,Carysfort Reef,10,<125 µm,0.5129,50.8032,0.0101,,
Summer,Carysfort Reef,11,≥500 µm,1.6359,50.8032,0.0322,,
Summer,Carysfort Reef,11,250-499 µm,1.2847,50.8032,0.02529,,
Summer,Carysfort Reef,11,125-249 µm,0.6924,50.8032,0.01363,,
Summer,Carysfort Reef,11,<125 µm,0.7974,50.8032,0.0157,,
Summer,Carysfort Reef,12,≥500 µm,0.1917,50.8032,0.00377,,
Summer,Carysfort Reef,12,250-499 µm,0.4848,50.8032,0.00954,,
Summer,Carysfort Reef,12,125-249 µm,0.5511,50.8032,0.01085,,
Summer,Carysfort Reef,12,<125 µm,0.4179,50.8032,0.00823,,
Summer,Carysfort Reef,13,≥500 µm,0.3432,50.8032,0.00676,,
Summer,Carysfort Reef,13,250-499 µm,0.2333,50.8032,0.00459,,
Summer,Carysfort Reef,13,125-249 µm,0.1779,50.8032,0.0035,,
Summer,Carysfort Reef,13,<125 µm,0.1199,50.8032,0.00236,,
Summer,Carysfort Reef,14,≥500 µm,1.0699,50.8032,0.02106,,
Summer,Carysfort Reef,14,250-499 µm,1.1887,50.8032,0.0234,,
Summer,Carysfort Reef,14,125-249 µm,0.9138,50.8032,0.01799,,
Summer,Carysfort Reef,14,<125 µm,0.3661,50.8032,0.00721,,
Summer,Carysfort Reef,15,≥500 µm,0.3771,50.8032,0.00742,,
Summer,Carysfort Reef,15,250-499 µm,0.6681,50.8032,0.01315,,
Summer,Carysfort Reef,15,125-249 µm,0.3753,50.8032,0.00739,,
Summer,Carysfort Reef,15,<125 µm,0.1882,50.8032,0.0037,,
Summer,Carysfort Reef,16,≥500 µm,0.1837,50.8032,0.00362,,
Summer,Carysfort Reef,16,250-499 µm,0.2373,50.8032,0.00467,,
Summer,Carysfort Reef,16,125-249 µm,0.212,50.8032,0.00417,,
Summer,Carysfort Reef,16,<125 µm,0.1169,50.8032,0.0023,,
Summer,Carysfort Reef,17,≥500 µm,0.9315,50.8032,0.01834,,
Summer,Carysfort Reef,17,250-499 µm,1.1912,50.8032,0.02345,,
Summer,Carysfort Reef,17,125-249 µm,0.7581,50.8032,0.01492,,
Summer,Carysfort Reef,17,<125 µm,0.5545,50.8032,0.01091,,