Days,Population,Scenario,Sed.event
0,540000,0,0
1,540000,0,0
2,540000,0,0
3,540000,0,0
4,540000,0,0
5,540000,0,0
6,540000,0,0
7,540000,0,0
8,540000,0,0
9,540000,0,0
10,540000,0,0
11,540000,0,0
12,540000,0,0
13,540000,0,0
14,540000,0,0
15,540000,0,0
16,540000,0,0
17,540000,0,0
18,540000,0,0
19,540000,0,0
20,540000,0,0
21,540000,0,0
22,540000,0,0
23,540000,0,0
24,540000,0,0
25,540000,0,0
26,540000,0,0
27,540000,0,0
28,540000,0,0
29,540000,0,0
30,540000,0,0
30,540000,0,0
31,530280,0,0
32,520560,0,0
33,510840,0,0
34,501120,0,0
35,491400,0,0
36,481680,0,0
37,471960,0,0
38,462240,0,0
39,452520,0,0
40,442800,0,0
30,540000,0,0
31,530280,0,0
32,520560,0,0
33,510840,0,0
34,501120,0,0
35,491400,0,0
36,481680,0,0
37,471960,0,0
38,462240,0,0
39,452520,0,0
40,442800,0,0
30,540000,0,0
31,530280,0,0
32,520560,0,0
33,510840,0,0
34,501120,0,0
35,491400,0,0
36,481680,0,0
37,471960,0,0
38,462240,0,0
39,452520,0,0
40,442800,0,0
30,540000,0,0
31,530280,0,0
32,520560,0,0
33,510840,0,0
34,501120,0,0
35,491400,0,0
36,481680,0,0
37,471960,0,0
38,462240,0,0
39,452520,0,0
40,442800,0,0
30,540000,0,0
31,530280,0,0
32,520560,0,0
33,510840,0,0
34,501120,0,0
35,491400,0,0
36,481680,0,0
37,471960,0,0
38,462240,0,0
39,452520,0,0
40,442800,0,0
40,442800,0,10
41,434830,0,10
42,426859,0,10
43,418889,0,10
44,410918,0,10
45,402948,0,10
46,394978,0,10
47,387007,0,10
48,379037,0,10
49,371066,0,10
50,363096,0,10
51,363096,0,10
52,363096,0,10
53,363096,0,10
54,363096,0,10
55,363096,0,10
56,363096,0,10
57,363096,0,10
58,363096,0,10
59,363096,0,10
60,363096,0,10
61,363096,0,10
62,363096,0,10
63,363096,0,10
64,363096,0,10
65,363096,0,10
66,363096,0,10
67,363096,0,10
68,363096,0,10
69,363096,0,10
70,363096,0,10
71,363096,0,10
72,363096,0,10
73,363096,0,10
74,363096,0,10
75,363096,0,10
76,363096,0,10
77,363096,0,10
78,363096,0,10
79,363096,0,10
80,363096,0,10
81,363096,0,10
82,363096,0,10
83,363096,0,10
84,363096,0,10
85,363096,0,10
86,363096,0,10
87,363096,0,10
88,363096,0,10
89,363096,0,10
90,363096,0,10
40,442800,25,10
41,418889,25,10
42,394978,25,10
43,371066,25,10
44,347155,25,10
45,323244,25,10
46,299333,25,10
47,275422,25,10
48,251510,25,10
49,227599,25,10
50,203688,25,10
51,203688,25,10
52,203688,25,10
53,203688,25,10
54,203688,25,10
55,203688,25,10
56,203688,25,10
57,203688,25,10
58,203688,25,10
59,203688,25,10
60,203688,25,10
61,203688,25,10
62,203688,25,10
63,203688,25,10
64,203688,25,10
65,203688,25,10
66,203688,25,10
67,203688,25,10
68,203688,25,10
69,203688,25,10
70,203688,25,10
71,203688,25,10
72,203688,25,10
73,203688,25,10
74,203688,25,10
75,203688,25,10
76,203688,25,10
77,203688,25,10
78,203688,25,10
79,203688,25,10
80,203688,25,10
81,203688,25,10
82,203688,25,10
83,203688,25,10
84,203688,25,10
85,203688,25,10
86,203688,25,10
87,203688,25,10
88,203688,25,10
89,203688,25,10
90,203688,25,10
40,442800,50,10
41,402948,50,10
42,363096,50,10
43,323244,50,10
44,283392,50,10
45,243540,50,10
46,203688,50,10
47,163836,50,10
48,123984,50,10
49,84132,50,10
50,44280,50,10
51,44280,50,10
52,44280,50,10
53,44280,50,10
54,44280,50,10
55,44280,50,10
56,44280,50,10
57,44280,50,10
58,44280,50,10
59,44280,50,10
60,44280,50,10
61,44280,50,10
62,44280,50,10
63,44280,50,10
64,44280,50,10
65,44280,50,10
66,44280,50,10
67,44280,50,10
68,44280,50,10
69,44280,50,10
70,44280,50,10
71,44280,50,10
72,44280,50,10
73,44280,50,10
74,44280,50,10
75,44280,50,10
76,44280,50,10
77,44280,50,10
78,44280,50,10
79,44280,50,10
80,44280,50,10
81,44280,50,10
82,44280,50,10
83,44280,50,10
84,44280,50,10
85,44280,50,10
86,44280,50,10
87,44280,50,10
88,44280,50,10
89,44280,50,10
90,44280,50,10
40,442800,75,10
41,387007,75,10
42,331214,75,10
43,275422,75,10
44,219629,75,10
45,163836,75,10
46,108043,75,10
47,52250,75,10
48,0,75,10
49,0,75,10
50,0,75,10
51,0,75,10
52,0,75,10
53,0,75,10
54,0,75,10
55,0,75,10
56,0,75,10
57,0,75,10
58,0,75,10
59,0,75,10
60,0,75,10
61,0,75,10
62,0,75,10
63,0,75,10
64,0,75,10
65,0,75,10
66,0,75,10
67,0,75,10
68,0,75,10
69,0,75,10
70,0,75,10
71,0,75,10
72,0,75,10
73,0,75,10
74,0,75,10
75,0,75,10
76,0,75,10
77,0,75,10
78,0,75,10
79,0,75,10
80,0,75,10
81,0,75,10
82,0,75,10
83,0,75,10
84,0,75,10
85,0,75,10
86,0,75,10
87,0,75,10
88,0,75,10
89,0,75,10
90,0,75,10
40,442800,100,10
41,371066,100,10
42,299333,100,10
43,227599,100,10
44,155866,100,10
45,84132,100,10
46,12398,100,10
47,0,100,10
48,0,100,10
49,0,100,10
50,0,100,10
51,0,100,10
52,0,100,10
53,0,100,10
54,0,100,10
55,0,100,10
56,0,100,10
57,0,100,10
58,0,100,10
59,0,100,10
60,0,100,10
61,0,100,10
62,0,100,10
63,0,100,10
64,0,100,10
65,0,100,10
66,0,100,10
67,0,100,10
68,0,100,10
69,0,100,10
70,0,100,10
71,0,100,10
72,0,100,10
73,0,100,10
74,0,100,10
75,0,100,10
76,0,100,10
77,0,100,10
78,0,100,10
79,0,100,10
80,0,100,10
81,0,100,10
82,0,100,10
83,0,100,10
84,0,100,10
85,0,100,10
86,0,100,10
87,0,100,10
88,0,100,10
89,0,100,10
90,0,100,10
40,442800,0,7
41,434830,0,7
42,426859,0,7
43,418889,0,7
44,410918,0,7
45,402948,0,7
46,394978,0,7
47,387007,0,7
48,379037,0,7
49,371067,0,7
50,363097,0,7
51,363097,0,7
52,363097,0,7
53,363097,0,7
54,363097,0,7
55,363097,0,7
56,363097,0,7
57,363097,0,7
58,363097,0,7
59,363097,0,7
60,363097,0,7
61,363097,0,7
62,363097,0,7
63,363097,0,7
64,363097,0,7
65,363097,0,7
66,363097,0,7
67,363097,0,7
68,363097,0,7
69,363097,0,7
70,363097,0,7
71,363097,0,7
72,363097,0,7
73,363097,0,7
74,363097,0,7
75,363097,0,7
76,363097,0,7
77,363097,0,7
78,363097,0,7
79,363097,0,7
80,363097,0,7
81,363097,0,7
82,363097,0,7
83,363097,0,7
84,363097,0,7
85,363097,0,7
86,363097,0,7
87,363097,0,7
88,363097,0,7
89,363097,0,7
90,363097,0,7
40,442800,25,7
41,418889,25,7
42,394978,25,7
43,371066,25,7
44,347155,25,7
45,323244,25,7
46,299333,25,7
47,275422,25,7
48,267452,25,7
49,259482,25,7
50,251512,25,7
51,251512,25,7
52,251512,25,7
53,251512,25,7
54,251512,25,7
55,251512,25,7
56,251512,25,7
57,251512,25,7
58,251512,25,7
59,251512,25,7
60,251512,25,7
61,251512,25,7
62,251512,25,7
63,251512,25,7
64,251512,25,7
65,251512,25,7
66,251512,25,7
67,251512,25,7
68,251512,25,7
69,251512,25,7
70,251512,25,7
71,251512,25,7
72,251512,25,7
73,251512,25,7
74,251512,25,7
75,251512,25,7
76,251512,25,7
77,251512,25,7
78,251512,25,7
79,251512,25,7
80,251512,25,7
81,251512,25,7
82,251512,25,7
83,251512,25,7
84,251512,25,7
85,251512,25,7
86,251512,25,7
87,251512,25,7
88,251512,25,7
89,251512,25,7
90,251512,25,7
40,442800,50,7
41,402948,50,7
42,363096,50,7
43,323244,50,7
44,283392,50,7
45,243540,50,7
46,203688,50,7
47,163836,50,7
48,155866,50,7
49,147896,50,7
50,139926,50,7
51,139926,50,7
52,139926,50,7
53,139926,50,7
54,139926,50,7
55,139926,50,7
56,139926,50,7
57,139926,50,7
58,139926,50,7
59,139926,50,7
60,139926,50,7
61,139926,50,7
62,139926,50,7
63,139926,50,7
64,139926,50,7
65,139926,50,7
66,139926,50,7
67,139926,50,7
68,139926,50,7
69,139926,50,7
70,139926,50,7
71,139926,50,7
72,139926,50,7
73,139926,50,7
74,139926,50,7
75,139926,50,7
76,139926,50,7
77,139926,50,7
78,139926,50,7
79,139926,50,7
80,139926,50,7
81,139926,50,7
82,139926,50,7
83,139926,50,7
84,139926,50,7
85,139926,50,7
86,139926,50,7
87,139926,50,7
88,139926,50,7
89,139926,50,7
90,139926,50,7
40,442800,75,7
41,387007,75,7
42,331214,75,7
43,275422,75,7
44,219629,75,7
45,163836,75,7
46,108043,75,7
47,52250,75,7
48,44280,75,7
49,36310,75,7
50,28340,75,7
51,28340,75,7
52,28340,75,7
53,28340,75,7
54,28340,75,7
55,28340,75,7
56,28340,75,7
57,28340,75,7
58,28340,75,7
59,28340,75,7
60,28340,75,7
61,28340,75,7
62,28340,75,7
63,28340,75,7
64,28340,75,7
65,28340,75,7
66,28340,75,7
67,28340,75,7
68,28340,75,7
69,28340,75,7
70,28340,75,7
71,28340,75,7
72,28340,75,7
73,28340,75,7
74,28340,75,7
75,28340,75,7
76,28340,75,7
77,28340,75,7
78,28340,75,7
79,28340,75,7
80,28340,75,7
81,28340,75,7
82,28340,75,7
83,28340,75,7
84,28340,75,7
85,28340,75,7
86,28340,75,7
87,28340,75,7
88,28340,75,7
89,28340,75,7
90,28340,75,7
40,442800,100,7
41,371066,100,7
42,299333,100,7
43,227599,100,7
44,155866,100,7
45,84132,100,7
46,12398,100,7
47,0,100,7
48,0,100,7
49,0,100,7
50,0,100,7
51,0,100,7
52,0,100,7
53,0,100,7
54,0,100,7
55,0,100,7
56,0,100,7
57,0,100,7
58,0,100,7
59,0,100,7
60,0,100,7
61,0,100,7
62,0,100,7
63,0,100,7
64,0,100,7
65,0,100,7
66,0,100,7
67,0,100,7
68,0,100,7
69,0,100,7
70,0,100,7
71,0,100,7
72,0,100,7
73,0,100,7
74,0,100,7
75,0,100,7
76,0,100,7
77,0,100,7
78,0,100,7
79,0,100,7
80,0,100,7
81,0,100,7
82,0,100,7
83,0,100,7
84,0,100,7
85,0,100,7
86,0,100,7
87,0,100,7
88,0,100,7
89,0,100,7
90,0,100,7
40,442800,0,5
41,434830,0,5
42,426859,0,5
43,418889,0,5
44,410918,0,5
45,402948,0,5
46,394978,0,5
47,387008,0,5
48,379038,0,5
49,371068,0,5
50,363098,0,5
51,363098,0,5
52,363098,0,5
53,363098,0,5
54,363098,0,5
55,363098,0,5
56,363098,0,5
57,363098,0,5
58,363098,0,5
59,363098,0,5
60,363098,0,5
61,363098,0,5
62,363098,0,5
63,363098,0,5
64,363098,0,5
65,363098,0,5
66,363098,0,5
67,363098,0,5
68,363098,0,5
69,363098,0,5
70,363098,0,5
71,363098,0,5
72,363098,0,5
73,363098,0,5
74,363098,0,5
75,363098,0,5
76,363098,0,5
77,363098,0,5
78,363098,0,5
79,363098,0,5
80,363098,0,5
81,363098,0,5
82,363098,0,5
83,363098,0,5
84,363098,0,5
85,363098,0,5
86,363098,0,5
87,363098,0,5
88,363098,0,5
89,363098,0,5
90,363098,0,5
40,442800,25,5
41,418889,25,5
42,394978,25,5
43,371066,25,5
44,347155,25,5
45,323244,25,5
46,315274,25,5
47,307304,25,5
48,299334,25,5
49,291364,25,5
50,283394,25,5
51,283394,25,5
52,283394,25,5
53,283394,25,5
54,283394,25,5
55,283394,25,5
56,283394,25,5
57,283394,25,5
58,283394,25,5
59,283394,25,5
60,283394,25,5
61,283394,25,5
62,283394,25,5
63,283394,25,5
64,283394,25,5
65,283394,25,5
66,283394,25,5
67,283394,25,5
68,283394,25,5
69,283394,25,5
70,283394,25,5
71,283394,25,5
72,283394,25,5
73,283394,25,5
74,283394,25,5
75,283394,25,5
76,283394,25,5
77,283394,25,5
78,283394,25,5
79,283394,25,5
80,283394,25,5
81,283394,25,5
82,283394,25,5
83,283394,25,5
84,283394,25,5
85,283394,25,5
86,283394,25,5
87,283394,25,5
88,283394,25,5
89,283394,25,5
90,283394,25,5
40,442800,50,5
41,402948,50,5
42,363096,50,5
43,323244,50,5
44,283392,50,5
45,243540,50,5
46,235570,50,5
47,227600,50,5
48,219630,50,5
49,211660,50,5
50,203690,50,5
51,203690,50,5
52,203690,50,5
53,203690,50,5
54,203690,50,5
55,203690,50,5
56,203690,50,5
57,203690,50,5
58,203690,50,5
59,203690,50,5
60,203690,50,5
61,203690,50,5
62,203690,50,5
63,203690,50,5
64,203690,50,5
65,203690,50,5
66,203690,50,5
67,203690,50,5
68,203690,50,5
69,203690,50,5
70,203690,50,5
71,203690,50,5
72,203690,50,5
73,203690,50,5
74,203690,50,5
75,203690,50,5
76,203690,50,5
77,203690,50,5
78,203690,50,5
79,203690,50,5
80,203690,50,5
81,203690,50,5
82,203690,50,5
83,203690,50,5
84,203690,50,5
85,203690,50,5
86,203690,50,5
87,203690,50,5
88,203690,50,5
89,203690,50,5
90,203690,50,5
40,442800,75,5
41,387007,75,5
42,331214,75,5
43,275422,75,5
44,219629,75,5
45,163836,75,5
46,155866,75,5
47,147896,75,5
48,139926,75,5
49,131956,75,5
50,123986,75,5
51,123986,75,5
52,123986,75,5
53,123986,75,5
54,123986,75,5
55,123986,75,5
56,123986,75,5
57,123986,75,5
58,123986,75,5
59,123986,75,5
60,123986,75,5
61,123986,75,5
62,123986,75,5
63,123986,75,5
64,123986,75,5
65,123986,75,5
66,123986,75,5
67,123986,75,5
68,123986,75,5
69,123986,75,5
70,123986,75,5
71,123986,75,5
72,123986,75,5
73,123986,75,5
74,123986,75,5
75,123986,75,5
76,123986,75,5
77,123986,75,5
78,123986,75,5
79,123986,75,5
80,123986,75,5
81,123986,75,5
82,123986,75,5
83,123986,75,5
84,123986,75,5
85,123986,75,5
86,123986,75,5
87,123986,75,5
88,123986,75,5
89,123986,75,5
90,123986,75,5
40,442800,100,5
41,371066,100,5
42,299333,100,5
43,227599,100,5
44,155866,100,5
45,84132,100,5
46,76162,100,5
47,68192,100,5
48,60222,100,5
49,52252,100,5
50,44282,100,5
51,44282,100,5
52,44282,100,5
53,44282,100,5
54,44282,100,5
55,44282,100,5
56,44282,100,5
57,44282,100,5
58,44282,100,5
59,44282,100,5
60,44282,100,5
61,44282,100,5
62,44282,100,5
63,44282,100,5
64,44282,100,5
65,44282,100,5
66,44282,100,5
67,44282,100,5
68,44282,100,5
69,44282,100,5
70,44282,100,5
71,44282,100,5
72,44282,100,5
73,44282,100,5
74,44282,100,5
75,44282,100,5
76,44282,100,5
77,44282,100,5
78,44282,100,5
79,44282,100,5
80,44282,100,5
81,44282,100,5
82,44282,100,5
83,44282,100,5
84,44282,100,5
85,44282,100,5
86,44282,100,5
87,44282,100,5
88,44282,100,5
89,44282,100,5
90,44282,100,5
40,442800,0,3
41,434830,0,3
42,426859,0,3
43,418889,0,3
44,410919,0,3
45,402949,0,3
46,394979,0,3
47,387009,0,3
48,379039,0,3
49,371069,0,3
50,363099,0,3
51,363099,0,3
52,363099,0,3
53,363099,0,3
54,363099,0,3
55,363099,0,3
56,363099,0,3
57,363099,0,3
58,363099,0,3
59,363099,0,3
60,363099,0,3
61,363099,0,3
62,363099,0,3
63,363099,0,3
64,363099,0,3
65,363099,0,3
66,363099,0,3
67,363099,0,3
68,363099,0,3
69,363099,0,3
70,363099,0,3
71,363099,0,3
72,363099,0,3
73,363099,0,3
74,363099,0,3
75,363099,0,3
76,363099,0,3
77,363099,0,3
78,363099,0,3
79,363099,0,3
80,363099,0,3
81,363099,0,3
82,363099,0,3
83,363099,0,3
84,363099,0,3
85,363099,0,3
86,363099,0,3
87,363099,0,3
88,363099,0,3
89,363099,0,3
90,363099,0,3
40,442800,25,3
41,418889,25,3
42,394978,25,3
43,371066,25,3
44,363096,25,3
45,355126,25,3
46,347156,25,3
47,339186,25,3
48,331216,25,3
49,323246,25,3
50,315276,25,3
51,315276,25,3
52,315276,25,3
53,315276,25,3
54,315276,25,3
55,315276,25,3
56,315276,25,3
57,315276,25,3
58,315276,25,3
59,315276,25,3
60,315276,25,3
61,315276,25,3
62,315276,25,3
63,315276,25,3
64,315276,25,3
65,315276,25,3
66,315276,25,3
67,315276,25,3
68,315276,25,3
69,315276,25,3
70,315276,25,3
71,315276,25,3
72,315276,25,3
73,315276,25,3
74,315276,25,3
75,315276,25,3
76,315276,25,3
77,315276,25,3
78,315276,25,3
79,315276,25,3
80,315276,25,3
81,315276,25,3
82,315276,25,3
83,315276,25,3
84,315276,25,3
85,315276,25,3
86,315276,25,3
87,315276,25,3
88,315276,25,3
89,315276,25,3
90,315276,25,3
40,442800,50,3
41,402948,50,3
42,363096,50,3
43,323244,50,3
44,315274,50,3
45,307304,50,3
46,299334,50,3
47,291364,50,3
48,283394,50,3
49,275424,50,3
50,267454,50,3
51,267454,50,3
52,267454,50,3
53,267454,50,3
54,267454,50,3
55,267454,50,3
56,267454,50,3
57,267454,50,3
58,267454,50,3
59,267454,50,3
60,267454,50,3
61,267454,50,3
62,267454,50,3
63,267454,50,3
64,267454,50,3
65,267454,50,3
66,267454,50,3
67,267454,50,3
68,267454,50,3
69,267454,50,3
70,267454,50,3
71,267454,50,3
72,267454,50,3
73,267454,50,3
74,267454,50,3
75,267454,50,3
76,267454,50,3
77,267454,50,3
78,267454,50,3
79,267454,50,3
80,267454,50,3
81,267454,50,3
82,267454,50,3
83,267454,50,3
84,267454,50,3
85,267454,50,3
86,267454,50,3
87,267454,50,3
88,267454,50,3
89,267454,50,3
90,267454,50,3
40,442800,75,3
41,387007,75,3
42,331214,75,3
43,275422,75,3
44,267452,75,3
45,259482,75,3
46,251512,75,3
47,243542,75,3
48,235572,75,3
49,227602,75,3
50,219632,75,3
51,219632,75,3
52,219632,75,3
53,219632,75,3
54,219632,75,3
55,219632,75,3
56,219632,75,3
57,219632,75,3
58,219632,75,3
59,219632,75,3
60,219632,75,3
61,219632,75,3
62,219632,75,3
63,219632,75,3
64,219632,75,3
65,219632,75,3
66,219632,75,3
67,219632,75,3
68,219632,75,3
69,219632,75,3
70,219632,75,3
71,219632,75,3
72,219632,75,3
73,219632,75,3
74,219632,75,3
75,219632,75,3
76,219632,75,3
77,219632,75,3
78,219632,75,3
79,219632,75,3
80,219632,75,3
81,219632,75,3
82,219632,75,3
83,219632,75,3
84,219632,75,3
85,219632,75,3
86,219632,75,3
87,219632,75,3
88,219632,75,3
89,219632,75,3
90,219632,75,3
40,442800,100,3
41,371066,100,3
42,299333,100,3
43,227599,100,3
44,219629,100,3
45,211659,100,3
46,203689,100,3
47,195719,100,3
48,187749,100,3
49,179779,100,3
50,171809,100,3
51,171809,100,3
52,171809,100,3
53,171809,100,3
54,171809,100,3
55,171809,100,3
56,171809,100,3
57,171809,100,3
58,171809,100,3
59,171809,100,3
60,171809,100,3
61,171809,100,3
62,171809,100,3
63,171809,100,3
64,171809,100,3
65,171809,100,3
66,171809,100,3
67,171809,100,3
68,171809,100,3
69,171809,100,3
70,171809,100,3
71,171809,100,3
72,171809,100,3
73,171809,100,3
74,171809,100,3
75,171809,100,3
76,171809,100,3
77,171809,100,3
78,171809,100,3
79,171809,100,3
80,171809,100,3
81,171809,100,3
82,171809,100,3
83,171809,100,3
84,171809,100,3
85,171809,100,3
86,171809,100,3
87,171809,100,3
88,171809,100,3
89,171809,100,3
90,171809,100,3
40,442800,0,0
41,434830,0,0
42,426859,0,0
43,418889,0,0
44,410918,0,0
45,402948,0,0
46,394978,0,0
47,387007,0,0
48,379037,0,0
49,371066,0,0
50,363096,0,0
51,363096,0,0
52,363096,0,0
53,363096,0,0
54,363096,0,0
55,363096,0,0
56,363096,0,0
57,363096,0,0
58,363096,0,0
59,363096,0,0
60,363096,0,0
61,363096,0,0
62,363096,0,0
63,363096,0,0
64,363096,0,0
65,363096,0,0
66,363096,0,0
67,363096,0,0
68,363096,0,0
69,363096,0,0
70,363096,0,0
71,363096,0,0
72,363096,0,0
73,363096,0,0
74,363096,0,0
75,363096,0,0
76,363096,0,0
77,363096,0,0
78,363096,0,0
79,363096,0,0
80,363096,0,0
81,363096,0,0
82,363096,0,0
83,363096,0,0
84,363096,0,0
85,363096,0,0
86,363096,0,0
87,363096,0,0
88,363096,0,0
89,363096,0,0
90,363096,0,0
91,358013,0,3
92,352929,0,3
93,347846,0,3
94,342763,0,3
95,337679,0,3
96,332596,0,3
97,327513,0,3
98,322429,0,3
99,317346,0,3
100,312263,0,3
91,358013,0,5
92,352929,0,5
93,347846,0,5
94,342763,0,5
95,337679,0,5
96,332596,0,5
97,327513,0,5
98,322429,0,5
99,317346,0,5
100,312263,0,5
91,358013,0,7
92,352929,0,7
93,347846,0,7
94,342763,0,7
95,337679,0,7
96,332596,0,7
97,327513,0,7
98,322429,0,7
99,317346,0,7
100,312263,0,7
91,358013,0,10
92,352929,0,10
93,347846,0,10
94,342763,0,10
95,337679,0,10
96,332596,0,10
97,327513,0,10
98,322429,0,10
99,317346,0,10
100,312263,0,10
91,310862,25,3
92,306448,25,3
93,302034,25,3
94,297621,25,3
95,293207,25,3
96,288793,25,3
97,284379,25,3
98,279965,25,3
99,275551,25,3
100,271137,25,3
91,279426,25,5
92,275459,25,5
93,271491,25,5
94,267524,25,5
95,263556,25,5
96,259589,25,5
97,255621,25,5
98,251654,25,5
99,247686,25,5
100,243719,25,5
91,247991,25,7
92,244470,25,7
93,240948,25,7
94,237427,25,7
95,233906,25,7
96,230385,25,7
97,226864,25,7
98,223343,25,7
99,219821,25,7
100,216300,25,7
91,200836,25,10
92,197985,25,10
93,195133,25,10
94,192281,25,10
95,189430,25,10
96,186578,25,10
97,183727,25,10
98,180875,25,10
99,178023,25,10
100,175172,25,10
91,263710,50,3
92,259965,50,3
93,256221,50,3
94,252477,50,3
95,248732,50,3
96,244988,50,3
97,241244,50,3
98,237499,50,3
99,233755,50,3
100,230010,50,3
91,200838,50,5
92,197987,50,5
93,195135,50,5
94,192283,50,5
95,189432,50,5
96,186580,50,5
97,183728,50,5
98,180877,50,5
99,178025,50,5
100,175173,50,5
91,137967,50,7
92,136008,50,7
93,134049,50,7
94,132090,50,7
95,130131,50,7
96,128172,50,7
97,126213,50,7
98,124254,50,7
99,122295,50,7
100,120336,50,7
91,43660,50,10
92,43040,50,10
93,42420,50,10
94,41800,50,10
95,41180,50,10
96,40560,50,10
97,39941,50,10
98,39321,50,10
99,38701,50,10
100,38081,50,10
91,216557,75,3
92,213482,75,3
93,210407,75,3
94,207333,75,3
95,204258,75,3
96,201183,75,3
97,198108,75,3
98,195033,75,3
99,191958,75,3
100,188884,75,3
91,122250,75,5
92,120514,75,5
93,118779,75,5
94,117043,75,5
95,115307,75,5
96,113571,75,5
97,111835,75,5
98,110100,75,5
99,108364,75,5
100,106628,75,5
91,27943,75,7
92,27546,75,7
93,27150,75,7
94,26753,75,7
95,26356,75,7
96,25959,75,7
97,25563,75,7
98,25166,75,7
99,24769,75,7
100,24372,75,7
91,0,75,10
92,0,75,10
93,0,75,10
94,0,75,10
95,0,75,10
96,0,75,10
97,0,75,10
98,0,75,10
99,0,75,10
100,0,75,10
91,169404,100,3
92,166998,100,3
93,164593,100,3
94,162188,100,3
95,159782,100,3
96,157377,100,3
97,154972,100,3
98,152566,100,3
99,150161,100,3
100,147756,100,3
91,43662,100,5
92,43042,100,5
93,42422,100,5
94,41802,100,5
95,41182,100,5
96,40562,100,5
97,39942,100,5
98,39322,100,5
99,38702,100,5
100,38083,100,5
91,0,100,7
92,0,100,7
93,0,100,7
94,0,100,7
95,0,100,7
96,0,100,7
97,0,100,7
98,0,100,7
99,0,100,7
100,0,100,7
91,0,100,10
92,0,100,10
93,0,100,10
94,0,100,10
95,0,100,10
96,0,100,10
97,0,100,10
98,0,100,10
99,0,100,10
100,0,100,10
101,307891,0,3
102,303520,0,3
103,299148,0,3
104,294776,0,3
105,290404,0,3
106,286032,0,3
107,281660,0,3
108,277288,0,3
109,272916,0,3
110,268544,0,3
101,255953,25,3
102,240770,25,3
103,225586,25,3
104,221214,25,3
105,216842,25,3
106,212470,25,3
107,208098,25,3
108,203726,25,3
109,199354,25,3
110,194982,25,3
101,207469,50,3
102,184928,50,3
103,162387,50,3
104,158015,50,3
105,153643,50,3
106,149271,50,3
107,144899,50,3
108,140527,50,3
109,136155,50,3
110,131783,50,3
101,162440,75,3
102,135996,75,3
103,109553,75,3
104,105181,75,3
105,100809,75,3
106,96437,75,3
107,92065,75,3
108,87693,75,3
109,83321,75,3
110,78949,75,3
101,120864,100,3
102,93973,100,3
103,67081,100,3
104,62709,100,3
105,58337,100,3
106,53965,100,3
107,49593,100,3
108,45221,100,3
109,40849,100,3
110,36477,100,3
101,307891,0,5
102,303520,0,5
103,299148,0,5
104,294776,0,5
105,290405,0,5
106,286033,0,5
107,281661,0,5
108,277289,0,5
109,272917,0,5
110,268545,0,5
101,230071,25,5
102,216422,25,5
103,202774,25,5
104,189126,25,5
105,175478,25,5
106,171106,25,5
107,166734,25,5
108,162362,25,5
109,157990,25,5
110,153618,25,5
101,158006,50,5
102,140839,50,5
103,123672,50,5
104,106505,50,5
105,89338,50,5
106,84966,50,5
107,80594,50,5
108,76222,50,5
109,71850,50,5
110,67478,50,5
101,91700,75,5
102,76772,75,5
103,61844,75,5
104,46916,75,5
105,31988,75,5
106,27616,75,5
107,23244,75,5
108,18872,75,5
109,14500,75,5
110,10128,75,5
101,31152,100,5
102,24221,100,5
103,17290,100,5
104,10359,100,5
105,3428,100,5
106,0,100,5
107,0,100,5
108,0,100,5
109,0,100,5
110,0,100,5
101,307891,0,7
102,303520,0,7
103,299148,0,7
104,294776,0,7
105,290405,0,7
106,286033,0,7
107,281661,0,7
108,277289,0,7
109,272917,0,7
110,268545,0,7
101,204187,25,7
102,192074,25,7
103,179962,25,7
104,167849,25,7
105,155736,25,7
106,143623,25,7
107,131510,25,7
108,127138,25,7
109,122766,25,7
110,118394,25,7
101,108543,50,7
102,96750,50,7
103,84957,50,7
104,73164,50,7
105,61371,50,7
106,49578,50,7
107,37786,50,7
108,33414,50,7
109,29042,50,7
110,24670,50,7
101,20960,75,7
102,17548,75,7
103,14136,75,7
104,10724,75,7
105,7312,75,7
106,3900,75,7
107,487,75,7
108,0,75,7
109,0,75,7
110,0,75,7
101,0,100,7
102,0,100,7
103,0,100,7
104,0,100,7
105,0,100,7
106,0,100,7
107,0,100,7
108,0,100,7
109,0,100,7
110,0,100,7
101,307891,0,10
102,303520,0,10
103,299148,0,10
104,294776,0,10
105,290405,0,10
106,286033,0,10
107,281661,0,10
108,277290,0,10
109,272918,0,10
110,268546,0,10
101,165362,25,10
102,155553,25,10
103,145743,25,10
104,135933,25,10
105,126124,25,10
106,116314,25,10
107,106505,25,10
108,96695,25,10
109,86885,25,10
110,77076,25,10
101,34349,50,10
102,30617,50,10
103,26885,50,10
104,23153,50,10
105,19421,50,10
106,15689,50,10
107,11957,50,10
108,8225,50,10
109,4494,50,10
110,762,50,10
101,0,75,10
102,0,75,10
103,0,75,10
104,0,75,10
105,0,75,10
106,0,75,10
107,0,75,10
108,0,75,10
109,0,75,10
110,0,75,10
101,0,100,10
102,0,100,10
103,0,100,10
104,0,100,10
105,0,100,10
106,0,100,10
107,0,100,10
108,0,100,10
109,0,100,10
110,0,100,10