Season,Site,Month,Day,Year,Plot,LSAT_Sediment_depth_mm,LSAT_%,Total_Juvenile_Coral,Total_Juvenile_nSSID,Presence_juv_corals_nSSID,Presence_juv_corals,Siderastrea_Juv,Porites_Juv,Montastrea_Juv,Diploria_Juv,Agaricia_Juv,Favia_Juv
Summer,Ft Lauderdale,May,10,2023,1,1,40,0,0,0,0,0,0,0,0,0,0
Summer,Ft Lauderdale,May,10,2023,2,1,25,0,0,0,0,0,0,0,0,0,0
Summer,Ft Lauderdale,May,10,2023,3,1,5,0,0,0,0,0,0,0,0,0,0
Summer,Ft Lauderdale,May,10,2023,4,2,45,0,0,0,0,0,0,0,0,0,0
Summer,Ft Lauderdale,May,10,2023,5,1,40,0,0,0,0,0,0,0,0,0,0
Summer,Ft Lauderdale,May,10,2023,6,2,25,0,0,0,0,0,0,0,0,0,0
Summer,Ft Lauderdale,May,10,2023,7,2,50,0,0,0,0,0,0,0,0,0,0
Summer,Ft Lauderdale,May,10,2023,8,1,35,0,0,0,0,0,0,0,0,0,0
Summer,Ft Lauderdale,May,10,2023,9,1,50,0,0,0,0,0,0,0,0,0,0
Summer,Ft Lauderdale,May,10,2023,10,3,40,0,0,0,0,0,0,0,0,0,0
Summer,Ft Lauderdale,May,10,2023,11,2,25,0,0,0,0,0,0,0,0,0,0
Summer,Ft Lauderdale,May,10,2023,12,1,10,0,0,0,0,0,0,0,0,0,0
Summer,Ft Lauderdale,May,10,2023,13,2,50,1,0,0,1,1,0,0,0,0,0
Summer,Ft Lauderdale,May,10,2023,14,1,50,0,0,0,0,0,0,0,0,0,0
Summer,Ft Lauderdale,May,10,2023,15,1,45,1,1,1,1,0,1,0,0,0,0
Summer,Ft Lauderdale,May,10,2023,16,1,25,0,0,0,0,0,0,0,0,0,0
Summer,Ft Lauderdale,May,10,2023,17,1,45,0,0,0,0,0,0,0,0,0,0
Summer,Ft Lauderdale,May,10,2023,18,2,45,0,0,0,0,0,0,0,0,0,0
Summer,Ft Lauderdale,May,10,2023,19,2,35,0,0,0,0,0,0,0,0,0,0
Summer,Ft Lauderdale,May,10,2023,20,1,40,0,0,0,0,0,0,0,0,0,0
Summer,Ft Lauderdale,May,10,2023,21,3,35,0,0,0,0,0,0,0,0,0,0
Summer,Ft Lauderdale,May,10,2023,22,2,55,0,0,0,0,0,0,0,0,0,0
Summer,Ft Lauderdale,May,10,2023,23,2,40,0,0,0,0,0,0,0,0,0,0
Summer,Ft Lauderdale,May,10,2023,24,1,30,1,0,0,1,1,0,0,0,0,0
Summer,Ft Lauderdale,May,10,2023,25,1,35,1,0,0,1,1,0,0,0,0,0
Summer,Dania Beach,May,9,2023,1,2,55,1,0,0,1,1,0,0,0,0,0
Summer,Dania Beach,May,9,2023,2,2,25,0,0,0,0,0,0,0,0,0,0
Summer,Dania Beach,May,9,2023,3,3,85,0,0,0,0,0,0,0,0,0,0
Summer,Dania Beach,May,9,2023,4,1,65,0,0,0,0,0,0,0,0,0,0
Summer,Dania Beach,May,9,2023,5,3,30,0,0,0,0,0,0,0,0,0,0
Summer,Dania Beach,May,9,2023,6,2,50,0,0,0,0,0,0,0,0,0,0
Summer,Dania Beach,May,9,2023,7,2,90,1,0,0,1,1,0,0,0,0,0
Summer,Dania Beach,May,9,2023,8,3,50,0,0,0,0,0,0,0,0,0,0
Summer,Dania Beach,May,9,2023,9,1,90,0,0,0,0,0,0,0,0,0,0
Summer,Dania Beach,May,9,2023,10,2,45,0,0,0,0,0,0,0,0,0,0
Summer,Dania Beach,May,9,2023,11,3,2,0,0,0,0,0,0,0,0,0,0
Summer,Dania Beach,May,9,2023,12,2,50,0,0,0,0,0,0,0,0,0,0
Summer,Dania Beach,May,9,2023,13,2,75,0,0,0,0,0,0,0,0,0,0
Summer,Dania Beach,May,9,2023,14,2,60,0,0,0,0,0,0,0,0,0,0
Summer,Dania Beach,May,9,2023,15,1,50,1,1,1,1,0,1,0,0,0,0
Summer,Dania Beach,May,9,2023,16,2,15,1,0,0,1,1,0,0,0,0,0
Summer,Dania Beach,May,9,2023,17,1,40,0,0,0,0,0,0,0,0,0,0
Summer,Dania Beach,May,9,2023,18,3,35,0,0,0,0,0,0,0,0,0,0
Summer,Dania Beach,May,9,2023,19,2,20,1,1,1,1,0,0,1,0,0,0
Summer,Dania Beach,May,9,2023,20,3,35,0,0,0,0,0,0,0,0,0,0
Summer,Dania Beach,May,9,2023,21,1,40,1,1,1,1,0,1,0,0,0,0
Summer,Dania Beach,May,9,2023,22,2,50,0,0,0,0,0,0,0,0,0,0
Summer,Dania Beach,May,9,2023,23,1,50,1,1,1,1,0,0,1,0,0,0
Summer,Dania Beach,May,9,2023,24,1,20,1,1,1,1,0,0,0,1,0,0
Summer,Dania Beach,May,9,2023,25,1,30,0,0,0,0,0,0,0,0,0,0
Summer,South Canyon,May,3,2023,1,2,40,1,1,1,1,0,1,0,0,0,0
Summer,South Canyon,May,3,2023,2,2,30,0,0,0,0,0,0,0,0,0,0
Summer,South Canyon,May,3,2023,3,1,70,1,1,1,1,0,0,1,0,0,0
Summer,South Canyon,May,3,2023,4,1,4,0,0,0,0,0,0,0,0,0,0
Summer,South Canyon,May,3,2023,5,3,50,0,0,0,0,0,0,0,0,0,0
Summer,South Canyon,May,3,2023,6,2,70,0,0,0,0,0,0,0,0,0,0
Summer,South Canyon,May,3,2023,7,2,40,0,0,0,0,0,0,0,0,0,0
Summer,South Canyon,May,3,2023,8,1,25,1,0,0,1,1,0,0,0,0,0
Summer,South Canyon,May,3,2023,9,2,35,0,0,0,0,0,0,0,0,0,0
Summer,South Canyon,May,3,2023,10,1,55,0,0,0,0,0,0,0,0,0,0
Summer,South Canyon,May,3,2023,11,1,30,0,0,0,0,0,0,0,0,0,0
Summer,South Canyon,May,3,2023,12,2,25,0,0,0,0,0,0,0,0,0,0
Summer,South Canyon,May,3,2023,13,1,45,0,0,0,0,0,0,0,0,0,0
Summer,South Canyon,May,3,2023,14,0,55,0,0,0,0,0,0,0,0,0,0
Summer,South Canyon,May,3,2023,15,2,40,3,0,0,1,3,0,0,0,0,0
Summer,South Canyon,May,11,2023,16,1,20,1,1,1,1,0,1,0,0,0,0
Summer,South Canyon,May,11,2023,17,3,30,0,0,0,0,0,0,0,0,0,0
Summer,South Canyon,May,11,2023,18,3,25,0,0,0,0,0,0,0,0,0,0
Summer,South Canyon,May,11,2023,19,1,20,0,0,0,0,0,0,0,0,0,0
Summer,South Canyon,May,11,2023,20,0,30,0,0,0,0,0,0,0,0,0,0
Summer,South Canyon,May,11,2023,21,1,30,0,0,0,0,0,0,0,0,0,0
Summer,South Canyon,May,11,2023,22,0.5,40,0,0,0,0,0,0,0,0,0,0
Summer,South Canyon,May,11,2023,23,1,5,1,0,0,1,1,0,0,0,0,0
Summer,South Canyon,May,11,2023,24,0.5,1,2,0,0,1,2,0,0,0,0,0
Summer,South Canyon,May,11,2023,25,2,40,1,0,0,1,1,0,0,0,0,0
Summer,Emerald Reef,May,16,2023,1,2,60,0,0,0,0,0,0,0,0,0,0
Summer,Emerald Reef,May,16,2023,2,1,40,1,1,1,1,0,1,0,0,0,0
Summer,Emerald Reef,May,16,2023,3,2,70,0,0,0,0,0,0,0,0,0,0
Summer,Emerald Reef,May,16,2023,4,3,50,0,0,0,0,0,0,0,0,0,0
Summer,Emerald Reef,May,16,2023,5,3,40,0,0,0,0,0,0,0,0,0,0
Summer,Emerald Reef,May,16,2023,6,2,0,1,0,0,1,1,0,0,0,0,0
Summer,Emerald Reef,May,16,2023,7,2,15,0,0,0,0,0,0,0,0,0,0
Summer,Emerald Reef,May,16,2023,8,2,1,0,0,0,0,0,0,0,0,0,0
Summer,Emerald Reef,May,16,2023,9,1,30,0,0,0,0,0,0,0,0,0,0
Summer,Emerald Reef,May,16,2023,10,1,20,1,0,0,1,1,0,0,0,0,0
Summer,Emerald Reef,May,16,2023,11,2,20,0,0,0,0,0,0,0,0,0,0
Summer,Emerald Reef,May,16,2023,12,2,35,0,0,0,0,0,0,0,0,0,0
Summer,Emerald Reef,May,16,2023,13,2,35,0,0,0,0,0,0,0,0,0,0
Summer,Emerald Reef,May,16,2023,14,2,40,0,0,0,0,0,0,0,0,0,0
Summer,Emerald Reef,May,16,2023,15,2,25,0,0,0,0,0,0,0,0,0,0
Summer,Emerald Reef,May,16,2023,16,3,30,2,2,1,1,0,0,0,1,0,1
Summer,Emerald Reef,May,16,2023,17,2,10,0,0,0,0,0,0,0,0,0,0
Summer,Emerald Reef,May,16,2023,18,3,30,1,0,0,1,1,0,0,0,0,0
Summer,Emerald Reef,May,16,2023,19,3,15,1,0,0,1,1,0,0,0,0,0
Summer,Emerald Reef,May,16,2023,20,3,35,0,0,0,0,0,0,0,0,0,0
Summer,Emerald Reef,May,16,2023,21,3,30,1,1,1,1,0,1,0,0,0,0
Summer,Emerald Reef,May,16,2023,22,2,60,4,0,0,1,4,0,0,0,0,0
Summer,Emerald Reef,May,16,2023,23,2,35,0,0,0,0,0,0,0,0,0,0
Summer,Emerald Reef,May,16,2023,24,3,20,0,0,0,0,0,0,0,0,0,0
Summer,Emerald Reef,May,16,2023,25,2,30,1,0,0,1,1,0,0,0,0,0
Summer,Carysfort Reef,May,24,2023,1,3,75,0,0,0,0,0,0,0,0,0,0
Summer,Carysfort Reef,May,24,2023,2,1,55,0,0,0,0,0,0,0,0,0,0
Summer,Carysfort Reef,May,24,2023,3,2,60,5,0,0,1,5,0,0,0,0,0
Summer,Carysfort Reef,May,24,2023,4,1,35,1,1,1,1,0,1,0,0,0,0
Summer,Carysfort Reef,May,24,2023,5,1,45,0,0,0,0,0,0,0,0,0,0
Summer,Carysfort Reef,May,24,2023,6,2,45,0,0,0,0,0,0,0,0,0,0
Summer,Carysfort Reef,May,24,2023,7,1,50,0,0,0,0,0,0,0,0,0,0
Summer,Carysfort Reef,May,24,2023,8,1,45,0,0,0,0,0,0,0,0,0,0
Summer,Carysfort Reef,May,25,2023,9,2,40,0,0,0,0,0,0,0,0,0,0
Summer,Carysfort Reef,May,25,2023,10,1,10,0,0,0,0,0,0,0,0,0,0
Summer,Carysfort Reef,May,25,2023,11,1,50,0,0,0,0,0,0,0,0,0,0
Summer,Carysfort Reef,May,25,2023,12,1,40,0,0,0,0,0,0,0,0,0,0
Summer,Carysfort Reef,May,25,2023,13,1,40,1,0,0,1,1,0,0,0,0,0
Summer,Carysfort Reef,May,25,2023,14,2,55,0,0,0,0,0,0,0,0,0,0
Summer,Carysfort Reef,May,25,2023,15,1,20,0,0,0,0,0,0,0,0,0,0
Summer,Carysfort Reef,May,25,2023,16,2,50,1,0,0,1,1,0,0,0,0,0
Summer,Carysfort Reef,May,25,2023,17,1,35,3,1,1,1,2,1,0,0,0,0
Summer,Carysfort Reef,May,25,2023,18,3,60,0,0,0,0,0,0,0,0,0,0
Summer,Carysfort Reef,May,25,2023,19,3,65,0,0,0,0,0,0,0,0,0,0
Summer,Carysfort Reef,May,25,2023,20,2,60,0,0,0,0,0,0,0,0,0,0
Summer,Carysfort Reef,May,25,2023,21,3,50,0,0,0,0,0,0,0,0,0,0
Summer,Carysfort Reef,May,25,2023,22,2,5,1,1,1,1,0,0,0,0,1,0
Summer,Carysfort Reef,May,25,2023,23,3,50,0,0,0,0,0,0,0,0,0,0
Summer,Carysfort Reef,May,25,2023,24,3,40,0,0,0,0,0,0,0,0,0,0
Summer,Carysfort Reef,May,25,2023,25,3,75,0,0,0,0,0,0,0,0,0,0
Summer,Conch Reef,May,25,2023,1,1,65,1,0,0,1,1,0,0,0,0,0
Summer,Conch Reef,May,25,2023,2,2,85,0,0,0,0,0,0,0,0,0,0
Summer,Conch Reef,May,25,2023,3,2,70,1,0,0,1,1,0,0,0,0,0
Summer,Conch Reef,May,25,2023,4,2,55,0,0,0,0,0,0,0,0,0,0
Summer,Conch Reef,May,25,2023,5,2,50,0,0,0,0,0,0,0,0,0,0
Summer,Conch Reef,May,25,2023,6,2,40,0,0,0,0,0,0,0,0,0,0
Summer,Conch Reef,May,26,2023,7,5,85,0,0,0,0,0,0,0,0,0,0
Summer,Conch Reef,May,26,2023,8,4,70,0,0,0,0,0,0,0,0,0,0
Summer,Conch Reef,May,26,2023,9,6,60,0,0,0,0,0,0,0,0,0,0
Summer,Conch Reef,May,26,2023,10,4,75,0,0,0,0,0,0,0,0,0,0
Summer,Conch Reef,May,26,2023,11,3,70,0,0,0,0,0,0,0,0,0,0
Summer,Conch Reef,May,26,2023,12,4,65,0,0,0,0,0,0,0,0,0,0
Summer,Conch Reef,May,26,2023,13,3,40,1,1,1,1,0,0,0,0,1,0
Summer,Conch Reef,May,26,2023,14,5,80,0,0,0,0,0,0,0,0,0,0
Summer,Conch Reef,May,26,2023,15,5,90,0,0,0,0,0,0,0,0,0,0
Summer,Conch Reef,May,26,2023,16,5,2,0,0,0,0,0,0,0,0,0,0
Summer,Conch Reef,May,26,2023,17,5,40,0,0,0,0,0,0,0,0,0,0
Summer,Conch Reef,May,26,2023,18,2,40,0,0,0,0,0,0,0,0,0,0
Summer,Conch Reef,May,26,2023,19,3,45,0,0,0,0,0,0,0,0,0,0
Summer,Conch Reef,May,26,2023,20,3,55,0,0,0,0,0,0,0,0,0,0
Summer,Conch Reef,May,26,2023,21,5,70,0,0,0,0,0,0,0,0,0,0
Summer,Conch Reef,May,26,2023,22,3,45,0,0,0,0,0,0,0,0,0,0
Summer,Conch Reef,May,26,2023,23,2,30,2,1,1,1,1,0,0,0,1,0
Summer,Conch Reef,May,26,2023,24,6,75,0,0,0,0,0,0,0,0,0,0
Summer,Conch Reef,May,26,2023,25,3,60,0,0,0,0,0,0,0,0,0,0
Fall,South Canyon,Sept,16,2023,1,0.5,10,2.5,2.5,1,1,0,2.5,0,0,0,0
Fall,South Canyon,Sept,16,2023,2,1,10,0,0,0,0,0,0,0,0,0,0
Fall,South Canyon,Sept,16,2023,3,0.5,1,0,0,0,0,0,0,0,0,0,0
Fall,South Canyon,Sept,16,2023,4,0.5,3,0,0,0,0,0,0,0,0,0,0
Fall,South Canyon,Sept,16,2023,5,1,27,3,3,1,1,0,3,0,0,0,0
Fall,South Canyon,Sept,16,2023,6,1,5,0,0,0,0,0,0,0,0,0,0
Fall,South Canyon,Sept,16,2023,7,1,1,0,0,0,0,0,0,0,0,0,0
Fall,South Canyon,Sept,16,2023,8,0.5,1,0,0,0,0,0,0,0,0,0,0
Fall,South Canyon,Sept,16,2023,9,0.5,0,0,0,0,0,0,0,0,0,0,0
Fall,South Canyon,Sept,16,2023,10,0.5,5,2.5,2.5,1,1,0,2.5,0,0,0,0
Fall,South Canyon,Sept,16,2023,11,0.5,1,0,0,0,0,0,0,0,0,0,0
Fall,South Canyon,Sept,16,2023,12,0.5,5,0,0,0,0,0,0,0,0,0,0
Fall,South Canyon,Sept,16,2023,13,1,15,0,0,0,0,0,0,0,0,0,0
Fall,South Canyon,Sept,16,2023,14,0,0,0,0,0,0,0,0,0,0,0,0
Fall,South Canyon,Sept,16,2023,15,1,10,1.5,1.5,1,1,0,1.5,0,0,0,0
Fall,South Canyon,Sept,16,2023,16,0.5,1,0,0,0,0,0,0,0,0,0,0
Fall,South Canyon,Sept,16,2023,17,2,60,0,0,0,0,0,0,0,0,0,0
Fall,South Canyon,Sept,16,2023,18,1,10,0,0,0,0,0,0,0,0,0,0
Fall,South Canyon,Sept,16,2023,19,1.5,5,0,0,0,0,0,0,0,0,0,0
Fall,South Canyon,Sept,16,2023,20,0,0,0,0,0,0,0,0,0,0,0,0
Fall,South Canyon,Sept,16,2023,21,1.5,10,0,0,0,0,0,0,0,0,0,0
Fall,South Canyon,Sept,16,2023,22,1,5,4.7,3.5,1,1,1.2,3.5,0,0,0,0
Fall,South Canyon,Sept,16,2023,23,0.5,15,0,0,0,0,0,0,0,0,0,0
Fall,South Canyon,Sept,16,2023,24,0,0,0,0,0,0,0,0,0,0,0,0
Fall,South Canyon,Sept,16,2023,25,0,0,0,0,0,0,0,0,0,0,0,0
Fall,Dania Beach,Sept,22,2023,1,1.5,25,3,1.5,1,1,1.5,0,1.5,0,0,0
Fall,Dania Beach,Sept,22,2023,2,1,15,0,0,0,0,,,,,,
Fall,Dania Beach,Sept,22,2023,3,2,60,0,0,0,0,0,0,0,0,0,0
Fall,Dania Beach,Sept,22,2023,4,2,5,0,0,0,0,0,0,0,0,0,0
Fall,Dania Beach,Sept,22,2023,5,1,1,3,3,1,1,0,3,0,0,0,0
Fall,Dania Beach,Sept,22,2023,6,1,5,0,0,0,0,0,0,0,0,0,0
Fall,Dania Beach,Sept,22,2023,7,2,30,0,0,0,0,0,0,0,0,0,0
Fall,Dania Beach,Sept,22,2023,8,2,5,0,0,0,0,0,0,0,0,0,0
Fall,Dania Beach,Sept,22,2023,9,1,60,0,0,0,0,0,0,0,0,0,0
Fall,Dania Beach,Sept,22,2023,10,1,5,0,0,0,0,0,0,0,0,0,0
Fall,Dania Beach,Sept,22,2023,11,0,0,0,0,0,0,0,0,0,0,0,0
Fall,Dania Beach,Sept,22,2023,12,1,15,0,0,0,0,0,0,0,0,0,0
Fall,Dania Beach,Sept,22,2023,13,3,90,0,0,0,0,0,0,0,0,0,0
Fall,Dania Beach,Sept,22,2023,14,1,45,0,0,0,0,0,0,0,0,0,0
Fall,Dania Beach,Sept,22,2023,15,1,30,0,0,0,0,0,0,0,0,0,0
Fall,Dania Beach,Sept,22,2023,16,1,5,0,0,0,0,0,0,0,0,0,0
Fall,Dania Beach,Sept,22,2023,17,1,5,0,0,0,0,0,0,0,0,0,0
Fall,Dania Beach,Sept,22,2023,18,2,20,0,0,0,0,0,0,0,0,0,0
Fall,Dania Beach,Sept,22,2023,19,3,10,0,0,0,0,0,0,0,0,0,0
Fall,Dania Beach,Sept,22,2023,20,2,25,0,0,0,0,0,0,0,0,0,0
Fall,Dania Beach,Sept,22,2023,21,0,1,0,0,0,0,0,0,0,0,0,0
Fall,Dania Beach,Sept,22,2023,22,1,5,0,0,0,0,0,0,0,0,0,0
Fall,Dania Beach,Sept,22,2023,23,0,1,0,0,0,0,0,0,0,0,0,0
Fall,Dania Beach,Sept,22,2023,24,0,1,0,0,0,0,0,0,0,0,0,0
Fall,Dania Beach,Sept,22,2023,25,0,0,0,0,0,0,0,0,0,0,0,0
Fall,Emerald Reef,Sept,29,2023,1,0.5,20,1.5,0,0,1,1.5,0,0,0,0,0
Fall,Emerald Reef,Sept,29,2023,2,0.5,10,0,0,0,0,0,0,0,0,0,0
Fall,Emerald Reef,Sept,29,2023,3,0.5,10,0,0,0,0,0,0,0,0,0,0
Fall,Emerald Reef,Sept,29,2023,4,1,40,0,0,0,0,0,0,0,0,0,0
Fall,Emerald Reef,Sept,29,2023,5,0.5,31,0,0,0,0,0,0,0,0,0,0
Fall,Emerald Reef,Sept,29,2023,6,1,40,5,5,1,1,0,5,0,0,0,0
Fall,Emerald Reef,Sept,29,2023,7,1.5,50,0,0,0,0,0,0,0,0,0,0
Fall,Emerald Reef,Sept,29,2023,8,0,0,0,0,0,0,0,0,0,0,0,0
Fall,Emerald Reef,Sept,29,2023,9,1,20,0,0,0,0,0,0,0,0,0,0
Fall,Emerald Reef,Sept,29,2023,10,1,25,1.5,1.5,1,1,0,1.5,0,0,0,0
Fall,Emerald Reef,Sept,29,2023,11,1,50,0,0,0,0,0,0,0,0,0,0
Fall,Emerald Reef,Sept,29,2023,12,1,40,0,0,0,0,0,0,0,0,0,0
Fall,Emerald Reef,Sept,29,2023,13,0.5,10,0,0,0,0,0,0,0,0,0,0
Fall,Emerald Reef,Sept,29,2023,14,1,60,0,0,0,0,0,0,0,0,0,0
Fall,Emerald Reef,Sept,29,2023,15,1,30,2,0,0,1,2,0,0,0,0,0
Fall,Emerald Reef,Sept,29,2023,16,1.5,30,0,0,0,0,0,0,0,0,0,0
Fall,Emerald Reef,Sept,29,2023,17,1,15,0,0,0,0,0,0,0,0,0,0
Fall,Emerald Reef,Sept,29,2023,18,0,0,0,0,0,0,0,0,0,0,0,0
Fall,Emerald Reef,Sept,29,2023,19,1,30,0,0,0,0,0,0,0,0,0,0
Fall,Emerald Reef,Sept,29,2023,20,1,5,0,0,0,0,0,0,0,0,0,0
Fall,Emerald Reef,Sept,29,2023,21,0.5,10,0,0,0,0,0,0,0,0,0,0
Fall,Emerald Reef,Sept,29,2023,22,0.5,50,0,0,0,0,0,0,0,0,0,0
Fall,Emerald Reef,Sept,29,2023,23,1,90,7,7,1,1,0,7,0,0,0,0
Fall,Emerald Reef,Sept,29,2023,24,1,65,5.5,0,0,1,5.5,0,0,0,0,0
Fall,Emerald Reef,Sept,29,2023,25,1,35,6,3,1,1,3,3,0,0,0,0
Fall,Ft Lauderdale,October,7,2023,1,1,50,0,0,0,0,0,0,0,0,0,0
Fall,Ft Lauderdale,October,7,2023,2,1,20,0,0,0,0,0,0,0,0,0,0
Fall,Ft Lauderdale,October,7,2023,3,1,35,0,0,0,0,0,0,0,0,0,0
Fall,Ft Lauderdale,October,7,2023,4,1.5,60,0,0,0,0,0,0,0,0,0,0
Fall,Ft Lauderdale,October,7,2023,5,2,17,0,0,0,0,0,0,0,0,0,0
Fall,Ft Lauderdale,October,7,2023,6,1,15,0,0,0,0,0,0,0,0,0,0
Fall,Ft Lauderdale,October,7,2023,7,1,60,0,0,0,0,0,0,0,0,0,0
Fall,Ft Lauderdale,October,7,2023,8,1,5,0,0,0,0,0,0,0,0,0,0
Fall,Ft Lauderdale,October,7,2023,9,1,60,0,0,0,0,0,0,0,0,0,0
Fall,Ft Lauderdale,October,7,2023,10,1,40,0,0,0,0,0,0,0,0,0,0
Fall,Ft Lauderdale,October,7,2023,11,1,50,0,0,0,0,0,0,0,0,0,0
Fall,Ft Lauderdale,October,7,2023,12,1.5,42,0,0,0,0,0,0,0,0,0,0
Fall,Ft Lauderdale,October,7,2023,13,2,30,0,0,0,0,0,0,0,0,0,0
Fall,Ft Lauderdale,October,7,2023,14,1.5,35,0,0,0,0,0,0,0,0,0,0
Fall,Ft Lauderdale,October,7,2023,15,1,40,0,0,0,0,0,0,0,0,0,0
Fall,Ft Lauderdale,October,7,2023,16,1,35,0,0,0,0,0,0,0,0,0,0
Fall,Ft Lauderdale,October,7,2023,17,1,25,0,0,0,0,0,0,0,0,0,0
Fall,Ft Lauderdale,October,7,2023,18,1,20,0,0,0,0,0,0,0,0,0,0
Fall,Ft Lauderdale,October,7,2023,19,1,70,0,0,0,0,0,0,0,0,0,0
Fall,Ft Lauderdale,October,7,2023,20,1,20,0,0,0,0,0,0,0,0,0,0
Fall,Ft Lauderdale,October,7,2023,21,1.5,70,0,0,0,0,0,0,0,0,0,0
Fall,Ft Lauderdale,October,7,2023,22,2,65,2,1,1,1,1,1,0,0,0,0
Fall,Ft Lauderdale,October,7,2023,23,3,80,0,0,0,0,0,0,0,0,0,0
Fall,Ft Lauderdale,October,7,2023,24,2,70,4,0,0,1,4,0,0,0,0,0
Fall,Ft Lauderdale,October,7,2023,25,2,60,0,0,0,0,0,0,0,0,0,0
Fall,Conch Reef,October,13,2023,1,1,90,0,0,0,0,0,0,0,0,0,0
Fall,Conch Reef,October,13,2023,2,2,95,0,0,0,0,0,0,0,0,0,0
Fall,Conch Reef,October,13,2023,3,2,95,2,0,0,1,2,0,0,0,0,0
Fall,Conch Reef,October,13,2023,4,2.5,95,0,0,0,0,0,0,0,0,0,0
Fall,Conch Reef,October,13,2023,5,1.5,90,0,0,0,0,0,0,0,0,0,0
Fall,Conch Reef,October,13,2023,6,2,85,0,0,0,0,0,0,0,0,0,0
Fall,Conch Reef,October,13,2023,7,3,98,0,0,0,0,0,0,0,0,0,0
Fall,Conch Reef,October,13,2023,8,4,100,0,0,0,0,0,0,0,0,0,0
Fall,Conch Reef,October,13,2023,9,3,90,0,0,0,0,0,0,0,0,0,0
Fall,Conch Reef,October,13,2023,10,3,75,0,0,0,0,0,0,0,0,0,0
Fall,Conch Reef,October,13,2023,11,4,90,0,0,0,0,0,0,0,0,0,0
Fall,Conch Reef,October,13,2023,12,3,100,0,0,0,0,0,0,0,0,0,0
Fall,Conch Reef,October,13,2023,13,2,90,4,4,1,1,0,0,0,0,4,0
Fall,Conch Reef,October,13,2023,14,4,80,0,0,0,0,0,0,0,0,0,0
Fall,Conch Reef,October,13,2023,15,3,95,0,0,0,0,0,0,0,0,0,0
Fall,Conch Reef,October,13,2023,16,2,10,1,0,0,1,1,0,0,0,0,0
Fall,Conch Reef,October,13,2023,17,2,80,0,0,0,0,0,0,0,0,0,0
Fall,Conch Reef,October,13,2023,18,2,90,0,0,0,0,0,0,0,0,0,0
Fall,Conch Reef,October,13,2023,19,1,70,0,0,0,0,0,0,0,0,0,0
Fall,Conch Reef,October,13,2023,20,2,60,2,2,1,1,0,0,0,0,2,0
Fall,Conch Reef,October,13,2023,21,3,85,0,0,0,0,0,0,0,0,0,0
Fall,Conch Reef,October,13,2023,22,1,65,3.5,3.5,1,1,0,3.5,0,0,0,0
Fall,Conch Reef,October,13,2023,23,1,50,6,0,0,1,6,0,0,0,0,0
Fall,Conch Reef,October,13,2023,24,3,95,0,0,0,0,0,0,0,0,0,0
Fall,Conch Reef,October,13,2023,25,1.5,80,0,0,0,0,0,0,0,0,0,0
Fall,Carysfort Reef,October,14,2023,1,0.5,50,0,0,0,0,0,0,0,0,0,0
Fall,Carysfort Reef,October,14,2023,2,1,60,0,0,0,0,0,0,0,0,0,0
Fall,Carysfort Reef,October,14,2023,3,1,30,3,3,1,1,0,3,0,0,0,0
Fall,Carysfort Reef,October,14,2023,4,0.5,20,1,1,1,1,0,1,0,0,0,0
Fall,Carysfort Reef,October,14,2023,5,0.5,15,0,0,0,0,0,0,0,0,0,0
Fall,Carysfort Reef,October,14,2023,6,0.5,75,0,0,0,0,0,0,0,0,0,0
Fall,Carysfort Reef,October,14,2023,7,1,65,0,0,0,0,0,0,0,0,0,0
Fall,Carysfort Reef,October,14,2023,8,1,60,1,1,1,1,0,1,0,0,0,0
Fall,Carysfort Reef,October,14,2023,9,0.5,55,4,4,1,1,0,4,0,0,0,0
Fall,Carysfort Reef,October,14,2023,10,0.8,5,2,2,1,1,0,0,0,0,2,0
Fall,Carysfort Reef,October,14,2023,11,0.5,25,0,0,0,0,0,0,0,0,0,0
Fall,Carysfort Reef,October,14,2023,12,1,65,0,0,0,0,0,0,0,0,0,0
Fall,Carysfort Reef,October,14,2023,13,0.5,25,0,0,0,0,0,0,0,0,0,0
Fall,Carysfort Reef,October,14,2023,14,0.5,40,0,0,0,0,0,0,0,0,0,0
Fall,Carysfort Reef,October,14,2023,15,0.5,5,0,0,0,0,0,0,0,0,0,0
Fall,Carysfort Reef,October,14,2023,16,0.5,10,2,2,1,1,0,0,0,0,2,0
Fall,Carysfort Reef,October,14,2023,17,0.5,5,5,5,1,1,0,0,0,0,5,0
Fall,Carysfort Reef,October,14,2023,18,0.5,40,0,0,0,0,0,0,0,0,0,0
Fall,Carysfort Reef,October,14,2023,19,0.5,25,0,0,0,0,0,0,0,0,0,0
Fall,Carysfort Reef,October,14,2023,20,0.8,50,1.5,1.5,1,1,0,1.5,0,0,0,0
Fall,Carysfort Reef,October,14,2023,21,1,45,0,0,0,0,0,0,0,0,0,0
Fall,Carysfort Reef,October,14,2023,22,0,0,0,0,0,0,0,0,0,0,0,0
Fall,Carysfort Reef,October,14,2023,23,0.5,30,0,0,0,0,0,0,0,0,0,0
Fall,Carysfort Reef,October,14,2023,24,0.8,10,0,0,0,0,0,0,0,0,0,0
Fall,Carysfort Reef,October,14,2023,25,0.5,50,0,0,0,0,0,0,0,0,0,0
Winter,Ft Lauderdale,January,19,2024,1,0.5,5,0,0,0,0,0,0,0,0,0,0
Winter,Ft Lauderdale,January,19,2024,2,0.5,5,0,0,0,0,0,0,0,0,0,0
Winter,Ft Lauderdale,January,19,2024,3,0.5,3,0,0,0,0,0,0,0,0,0,0
Winter,Ft Lauderdale,January,19,2024,4,0,1,0,0,0,0,0,0,0,0,0,0
Winter,Ft Lauderdale,January,19,2024,5,0.5,1,0,0,0,0,0,0,0,0,0,0
Winter,Ft Lauderdale,January,19,2024,6,0.5,1,0,0,0,0,0,0,0,0,0,0
Winter,Ft Lauderdale,January,19,2024,7,0,3,0,0,0,0,0,0,0,0,0,0
Winter,Ft Lauderdale,January,19,2024,8,0,1,0,0,0,0,0,0,0,0,0,0
Winter,Ft Lauderdale,January,19,2024,9,0.5,1,0,0,0,0,0,0,0,0,0,0
Winter,Ft Lauderdale,January,19,2024,10,0,1,0,0,0,0,0,0,0,0,0,0
Winter,Ft Lauderdale,January,19,2024,11,0.5,1,0,0,0,0,0,0,0,0,0,0
Winter,Ft Lauderdale,January,19,2024,12,0,1,0,0,0,0,0,0,0,0,0,0
Winter,Ft Lauderdale,January,19,2024,13,0,1,0,0,0,0,0,0,0,0,0,0
Winter,Ft Lauderdale,January,19,2024,14,0.5,1,0,0,0,0,0,0,0,0,0,0
Winter,Ft Lauderdale,January,19,2024,15,0,1,0,0,0,0,0,0,0,0,0,0
Winter,Ft Lauderdale,January,19,2024,16,0,1,0,0,0,0,0,0,0,0,0,0
Winter,Ft Lauderdale,January,19,2024,17,0.5,1,0,0,0,0,0,0,0,0,0,0
Winter,Ft Lauderdale,January,19,2024,18,0.5,2,0,0,0,0,0,0,0,0,0,0
Winter,Ft Lauderdale,January,19,2024,19,0,0,0,0,0,0,0,0,0,0,0,0
Winter,Ft Lauderdale,January,19,2024,20,0,0,2,0,0,1,2,0,0,0,0,0
Winter,Ft Lauderdale,January,19,2024,21,0,16,0,0,0,0,0,0,0,0,0,0
Winter,Ft Lauderdale,January,19,2024,22,0.5,3,4,0,0,1,4,0,0,0,0,0
Winter,Ft Lauderdale,January,19,2024,23,1,5,0,0,0,0,0,0,0,0,0,0
Winter,Ft Lauderdale,January,19,2024,24,0.5,3,3,0,0,1,3,0,0,0,0,0
Winter,Ft Lauderdale,January,19,2024,25,0.5,0,0,0,0,0,0,0,0,0,0,0
Winter,Dania Beach,February,13,2024,1,4,80,8,0,0,1,8,0,0,0,0,0
Winter,Dania Beach,February,13,2024,2,4,40,0,0,0,0,0,0,0,0,0,0
Winter,Dania Beach,February,13,2024,3,2,70,0,0,0,0,0,0,0,0,0,0
Winter,Dania Beach,February,13,2024,4,3,80,0,0,0,0,0,0,0,0,0,0
Winter,Dania Beach,February,13,2024,5,2,60,3.5,3.5,1,1,0,3.5,0,0,0,0
Winter,Dania Beach,February,13,2024,6,3,30,0,0,0,0,0,0,0,0,0,0
Winter,Dania Beach,February,13,2024,7,4,95,0,0,0,0,0,0,0,0,0,0
Winter,Dania Beach,February,13,2024,8,4,50,0,0,0,0,0,0,0,0,0,0
Winter,Dania Beach,February,13,2024,9,6,95,0,0,0,0,0,0,0,0,0,0
Winter,Dania Beach,February,13,2024,10,3,25,0,0,0,0,0,0,0,0,0,0
Winter,Dania Beach,February,13,2024,11,3,2,0,0,0,0,0,0,0,0,0,0
Winter,Dania Beach,February,13,2024,12,2,70,0,0,0,0,0,0,0,0,0,0
Winter,Dania Beach,February,13,2024,13,4,100,0,0,0,0,0,0,0,0,0,0
Winter,Dania Beach,February,13,2024,14,2,40,0,0,0,0,0,0,0,0,0,0
Winter,Dania Beach,February,13,2024,15,2,80,0,0,0,0,0,0,0,0,0,0
Winter,Dania Beach,February,13,2024,16,1,35,3,0,0,1,3,0,0,0,0,0
Winter,Dania Beach,February,13,2024,17,1,50,0,0,0,0,0,0,0,0,0,0
Winter,Dania Beach,February,13,2024,18,3,70,0,0,0,0,0,0,0,0,0,0
Winter,Dania Beach,February,13,2024,19,1,70,0,0,0,0,0,0,0,0,0,0
Winter,Dania Beach,February,13,2024,20,2,80,4,4,1,1,0,0,4,0,0,0
Winter,Dania Beach,February,13,2024,21,2,35,0,0,0,0,0,0,0,0,0,0
Winter,Dania Beach,February,13,2024,22,2,55,0,0,0,0,0,0,0,0,0,0
Winter,Dania Beach,February,13,2024,23,1,20,0,0,0,0,0,0,0,0,0,0
Winter,Dania Beach,February,13,2024,24,0,0,0,0,0,0,0,0,0,0,0,0
Winter,Dania Beach,February,13,2024,25,4,85,0,0,0,0,0,0,0,0,0,0
Winter,Emerald Reef,February,2,2024,1,3,90,4.5,0,0,1,4.5,0,0,0,0,0
Winter,Emerald Reef,February,2,2024,2,2,80,3,2,1,1,1,2,0,0,0,0
Winter,Emerald Reef,February,2,2024,3,2,80,0,0,0,0,0,0,0,0,0,0
Winter,Emerald Reef,February,2,2024,4,1,80,0,0,0,0,0,0,0,0,0,0
Winter,Emerald Reef,February,2,2024,5,3,80,0,0,0,0,0,0,0,0,0,0
Winter,Emerald Reef,February,2,2024,6,1,80,0,0,0,0,0,0,0,0,0,0
Winter,Emerald Reef,February,2,2024,7,2,75,0,0,0,0,0,0,0,0,0,0
Winter,Emerald Reef,February,2,2024,8,2,60,0,0,0,0,0,0,0,0,0,0
Winter,Emerald Reef,February,2,2024,9,2,85,0,0,0,0,0,0,0,0,0,0
Winter,Emerald Reef,February,2,2024,10,3,85,4,1.5,1,1,2.5,0,1.5,0,0,0
Winter,Emerald Reef,February,2,2024,11,2,70,3,3,1,1,0,3,0,0,0,0
Winter,Emerald Reef,February,2,2024,12,0,55,0,0,0,0,0,0,0,0,0,0
Winter,Emerald Reef,February,2,2024,13,0,8,0,0,0,0,0,0,0,0,0,0
Winter,Emerald Reef,February,2,2024,14,2,60,0,0,0,0,0,0,0,0,0,0
Winter,Emerald Reef,February,2,2024,15,1.5,60,4,1.5,1,1,2.5,1.5,0,0,0,0
Winter,Emerald Reef,February,2,2024,16,2,80,0,0,0,0,0,0,0,0,0,0
Winter,Emerald Reef,February,2,2024,17,4,50,0,0,0,0,0,0,0,0,0,0
Winter,Emerald Reef,February,2,2024,18,2,40,0,0,0,0,0,0,0,0,0,0
Winter,Emerald Reef,February,2,2024,19,2,47,0,0,0,0,0,0,0,0,0,0
Winter,Emerald Reef,February,2,2024,20,4,90,1.5,0,0,1,1.5,0,0,0,0,0
Winter,Emerald Reef,February,2,2024,21,3,85,0,0,0,0,0,0,0,0,0,0
Winter,Emerald Reef,February,2,2024,22,2,90,0,0,0,0,0,0,0,0,0,0
Winter,Emerald Reef,February,2,2024,23,2,90,3,3,1,1,0,3,0,0,0,0
Winter,Emerald Reef,February,2,2024,24,4,70,2.5,2.5,1,1,0,2.5,0,0,0,0
Winter,Emerald Reef,February,2,2024,25,2,60,4,4,1,1,0,4,0,0,0,0
Winter,Carysfort Reef,January,30,2024,1,2,65,0,0,0,0,0,0,0,0,0,0
Winter,Carysfort Reef,January,30,2024,2,2,55,0,0,0,0,0,0,0,0,0,0
Winter,Carysfort Reef,January,30,2024,3,1,55,6,5,1,1,1,5,0,0,0,0
Winter,Carysfort Reef,January,30,2024,4,1,25,3,3,1,1,0,3,0,0,0,0
Winter,Carysfort Reef,January,30,2024,5,1.5,25,0,0,0,0,0,0,0,0,0,0
Winter,Carysfort Reef,January,30,2024,6,1,35,0,0,0,0,0,0,0,0,0,0
Winter,Carysfort Reef,January,30,2024,7,1.5,45,0,0,0,0,0,0,0,0,0,0
Winter,Carysfort Reef,January,30,2024,8,1.5,41,0,0,0,0,0,0,0,0,0,0
Winter,Carysfort Reef,January,30,2024,9,2,45,0,0,0,0,0,0,0,0,0,0
Winter,Carysfort Reef,January,30,2024,10,1,25,0,0,0,0,0,0,0,0,0,0
Winter,Carysfort Reef,January,30,2024,11,1,5,0,0,0,0,0,0,0,0,0,0
Winter,Carysfort Reef,January,30,2024,12,1.5,55,0,0,0,0,0,0,0,0,0,0
Winter,Carysfort Reef,January,30,2024,13,1,50,0,0,0,0,0,0,0,0,0,0
Winter,Carysfort Reef,January,30,2024,14,1,70,0,0,0,0,0,0,0,0,0,0
Winter,Carysfort Reef,January,30,2024,15,2,30,0,0,0,0,0,0,0,0,0,0
Winter,Carysfort Reef,January,30,2024,16,1.5,35,0,0,0,0,0,0,0,0,0,0
Winter,Carysfort Reef,January,30,2024,17,1,20,0,0,0,0,0,0,0,0,0,0
Winter,Carysfort Reef,January,30,2024,18,1,75,0,0,0,0,0,0,0,0,0,0
Winter,Carysfort Reef,January,30,2024,19,1,40,0,0,0,0,0,0,0,0,0,0
Winter,Carysfort Reef,January,30,2024,20,1.5,75,0,0,0,0,0,0,0,0,0,0
Winter,Carysfort Reef,January,30,2024,21,2,70,0,0,0,0,0,0,0,0,0,0
Winter,Carysfort Reef,January,30,2024,22,0,0,0,0,0,0,0,0,0,0,0,0
Winter,Carysfort Reef,January,30,2024,23,2,50,0,0,0,0,0,0,0,0,0,0
Winter,Carysfort Reef,January,30,2024,24,0,15,0,0,0,0,0,0,0,0,0,0
Winter,Carysfort Reef,January,30,2024,25,2,70,0,0,0,0,0,0,0,0,0,0
Winter,Conch Reef,January,31,2024,1,5,90,0,0,0,0,0,0,0,0,0,0
Winter,Conch Reef,January,31,2024,2,6,90,0,0,0,0,0,0,0,0,0,0
Winter,Conch Reef,January,31,2024,3,6,90,2,0,0,1,2,0,0,0,0,0
Winter,Conch Reef,January,31,2024,4,6,70,0,0,0,0,0,0,0,0,0,0
Winter,Conch Reef,January,31,2024,5,7,80,0,0,0,0,0,0,0,0,0,0
Winter,Conch Reef,January,31,2024,6,5,65,0,0,0,0,0,0,0,0,0,0
Winter,Conch Reef,January,31,2024,7,8,90,0,0,0,0,0,0,0,0,0,0
Winter,Conch Reef,January,31,2024,8,8,90,0,0,0,0,0,0,0,0,0,0
Winter,Conch Reef,January,31,2024,9,9,95,0,0,0,0,0,0,0,0,0,0
Winter,Conch Reef,January,31,2024,10,5,85,0,0,0,0,0,0,0,0,0,0
Winter,Conch Reef,January,31,2024,11,6,95,0,0,0,0,0,0,0,0,0,0
Winter,Conch Reef,January,31,2024,12,7,90,0,0,0,0,0,0,0,0,0,0
Winter,Conch Reef,January,31,2024,13,5,75,3.5,3.5,1,1,0,0,3.5,0,0,0
Winter,Conch Reef,January,31,2024,14,5,95,0,0,0,0,0,0,0,0,0,0
Winter,Conch Reef,January,31,2024,15,7,95,0,0,0,0,0,0,0,0,0,0
Winter,Conch Reef,January,31,2024,16,0,0,1.5,0,0,1,1.5,0,0,0,0,0
Winter,Conch Reef,January,31,2024,17,4,65,0,0,0,0,0,0,0,0,0,0
Winter,Conch Reef,January,31,2024,18,5,65,0,0,0,0,0,0,0,0,0,0
Winter,Conch Reef,January,31,2024,19,2,50,0,0,0,0,0,0,0,0,0,0
Winter,Conch Reef,January,31,2024,20,3,60,0,0,0,0,0,0,0,0,0,0
Winter,Conch Reef,January,31,2024,21,5,50,0,0,0,0,0,0,0,0,0,0
Winter,Conch Reef,January,31,2024,22,3,45,0,0,0,0,0,0,0,0,0,0
Winter,Conch Reef,January,31,2024,23,3,25,5.5,0,0,1,5.5,0,0,0,0,0
Winter,Conch Reef,January,31,2024,24,8,85,0,0,0,0,0,0,0,0,0,0
Winter,Conch Reef,January,31,2024,25,3,65,0,0,0,0,0,0,0,0,0,0
Winter,South Canyon,February,14,2024,1,2,80,0,0,0,0,0,0,0,0,0,0
Winter,South Canyon,February,14,2024,2,2,40,0,0,0,0,0,0,0,0,0,0
Winter,South Canyon,February,14,2024,3,1,10,0,0,0,0,0,0,0,0,0,0
Winter,South Canyon,February,14,2024,4,0,20,0,0,0,0,0,0,0,0,0,0
Winter,South Canyon,February,14,2024,5,2,80,0,0,0,0,0,0,0,0,0,0
Winter,South Canyon,February,14,2024,6,2,25,0,0,0,0,0,0,0,0,0,0
Winter,South Canyon,February,14,2024,7,2,50,0,0,0,0,0,0,0,0,0,0
Winter,South Canyon,February,14,2024,8,1,50,0,0,0,0,0,0,0,0,0,0
Winter,South Canyon,February,14,2024,9,1,20,0,0,0,0,0,0,0,0,0,0
Winter,South Canyon,February,14,2024,10,1,10,0,0,0,0,0,0,0,0,0,0
Winter,South Canyon,February,14,2024,11,1,25,0,0,0,0,0,0,0,0,0,0
Winter,South Canyon,February,14,2024,12,2,75,0,0,0,0,0,0,0,0,0,0
Winter,South Canyon,February,14,2024,13,2,25,0,0,0,0,0,0,0,0,0,0
Winter,South Canyon,February,14,2024,14,0,0,0,0,0,0,0,0,0,0,0,0
Winter,South Canyon,February,14,2024,15,0,27,0,0,0,0,0,0,0,0,0,0
Winter,South Canyon,February,14,2024,16,0,0,0,0,0,0,0,0,0,0,0,0
Winter,South Canyon,February,14,2024,17,2,60,0,0,0,0,0,0,0,0,0,0
Winter,South Canyon,February,14,2024,18,3,60,0,0,0,0,0,0,0,0,0,0
Winter,South Canyon,February,14,2024,19,2,60,0,0,0,0,0,0,0,0,0,0
Winter,South Canyon,February,14,2024,20,0,0,0,0,0,0,0,0,0,0,0,0
Winter,South Canyon,February,14,2024,21,1,1,0,0,0,0,0,0,0,0,0,0
Winter,South Canyon,February,14,2024,22,1,40,0,0,0,0,0,0,0,0,0,0
Winter,South Canyon,February,14,2024,23,2,60,0,0,0,0,0,0,0,0,0,0
Winter,South Canyon,February,14,2024,24,2,30,0,0,0,0,0,0,0,0,0,0
Winter,South Canyon,February,14,2024,25,1,40,0,0,0,0,0,0,0,0,0,0